{
    "Objects": [
        {
            "name": "Land_Mil_Tent_Big4",
            "pos": [
                12228.1298828125,
                12.5115327835083,
                9720.1044921875
            ],
            "ypr": [
                102.0,
                0.0,
                0.0
            ]
        },
        {
            "name": "Land_Mil_Tent_Big1_5",
            "pos": [
                12287.9072265625,
                11.300000190734864,
                9721.3017578125
            ],
            "ypr": [
                101.99961853027344,
                0.0,
                0.0
            ]
        },
        {
            "name": "Land_Mil_Tent_Big1_4",
            "pos": [
                12273.3837890625,
                11.300000190734864,
                9706.8330078125
            ],
            "ypr": [
                103.00037384033203,
                0.0,
                0.0
            ]
        },
        {
            "name": "Land_Mil_Tent_Big1_3",
            "pos": [
                12290.302734375,
                11.300000190734864,
                9731.828125
            ],
            "ypr": [
                102.0,
                0.0,
                0.0
            ]
        },
        {
            "name": "Land_Mil_Tent_Big1_2",
            "pos": [
                12274.4189453125,
                11.300000190734864,
                9734.640625
            ],
            "ypr": [
                -78.0,
                0.0,
                0.0
            ]
        },
        {
            "name": "Land_Mil_Barracks3",
            "pos": [
                12208.9091796875,
                13.350432395935059,
                9723.265625
            ],
            "ypr": [
                -166.9996795654297,
                0.0,
                0.0
            ]
        },
        {
            "name": "Land_Mil_Guardhouse1",
            "pos": [
                12294.9228515625,
                13.511449813842774,
                9741.4765625
            ],
            "ypr": [
                103.99957275390625,
                0.0,
                0.0
            ]
        },
        {
            "name": "Land_Wall_Gate_Ind2A_L",
            "pos": [
                12301.8662109375,
                12.305086135864258,
                9747.8955078125
            ],
            "ypr": [
                -69.99979400634766,
                0.0,
                -0.9999999403953552
            ]
        },
        {
            "name": "Land_Wall_Gate_Ind2A_R",
            "pos": [
                12301.91015625,
                12.207548141479493,
                9748.0146484375
            ],
            "ypr": [
                -69.99979400634766,
                0.9999999403953552,
                0.0
            ]
        },
        {
            "name": "Land_Wreck_S1023_Blue",
            "pos": [
                12305.8271484375,
                12.122506141662598,
                9756.6552734375
            ],
            "ypr": [
                13.999987602233887,
                0.0,
                0.0
            ]
        },
        {
            "name": "Land_Wreck_Lada_Red",
            "pos": [
                12306.7646484375,
                11.611037254333496,
                9760.9296875
            ],
            "ypr": [
                15.999994277954102,
                0.0,
                0.0
            ]
        },
        {
            "name": "Land_Wreck_Volha_Grey",
            "pos": [
                12303.77734375,
                11.942901611328125,
                9754.9697265625
            ],
            "ypr": [
                14.999991416931153,
                0.0,
                -80.99992370605469
            ]
        },
        {
            "name": "Land_Wreck_Lada_Green",
            "pos": [
                12304.8857421875,
                11.898661613464356,
                9753.2197265625
            ],
            "ypr": [
                54.99980545043945,
                0.0,
                -90.0
            ]
        },
        {
            "name": "Land_Mil_Barracks_Round",
            "pos": [
                12213.9052734375,
                12.528039932250977,
                9768.8330078125
            ],
            "ypr": [
                12.999992370605469,
                0.0,
                0.0
            ]
        },
        {
            "name": "Land_Mil_Barracks_Round",
            "pos": [
                12221.208984375,
                12.528039932250977,
                9767.1533203125
            ],
            "ypr": [
                12.999996185302735,
                0.0,
                0.0
            ]
        },
        {
            "name": "Land_Medical_Tent_Big",
            "pos": [
                12258.3505859375,
                11.300000190734864,
                9720.392578125
            ],
            "ypr": [
                12.999995231628418,
                0.0,
                0.0
            ]
        },
        {
            "name": "Land_Medical_Tent_Shower",
            "pos": [
                12247.888671875,
                12.871764183044434,
                9709.3837890625
            ],
            "ypr": [
                -77.99974822998047,
                0.0,
                0.0
            ]
        },
        {
            "name": "Land_Medical_Tent_Big",
            "pos": [
                12260.6396484375,
                11.300000190734864,
                9729.4921875
            ],
            "ypr": [
                13.0,
                0.0,
                0.0
            ]
        },
        {
            "name": "Land_Mil_GuardTower",
            "pos": [
                12284.9775390625,
                17.594423294067384,
                9706.2421875
            ],
            "ypr": [
                -30.99997329711914,
                0.0,
                0.0
            ]
        },
        {
            "name": "Land_Mil_Tent_Big1_1",
            "pos": [
                12258.15625,
                11.300000190734864,
                9710.189453125
            ],
            "ypr": [
                -77.99974822998047,
                0.0,
                0.0
            ]
        },
        {
            "name": "Land_Mil_Tent_Big2_3",
            "pos": [
                12269.7392578125,
                13.297149658203125,
                9721.2705078125
            ],
            "ypr": [
                -76.999755859375,
                0.0,
                0.0
            ]
        },
        {
            "name": "Land_Wreck_Uaz",
            "pos": [
                12286.5,
                12.14318561553955,
                9710.1591796875
            ],
            "ypr": [
                -59.999855041503909,
                0.0,
                0.0
            ]
        },
        {
            "name": "Land_Mil_CamoNet_Roof_east",
            "pos": [
                12240.7724609375,
                12.422673225402832,
                9716.43359375
            ],
            "ypr": [
                -77.99974822998047,
                0.0,
                0.0
            ]
        },
        {
            "name": "Land_Container_1Moh",
            "pos": [
                12282.0498046875,
                12.50924015045166,
                9702.908203125
            ],
            "ypr": [
                166.99981689453126,
                0.0,
                0.0
            ]
        },
        {
            "name": "Land_wreck_truck01_aban1_green",
            "pos": [
                12289.49609375,
                11.300000190734864,
                9714.0703125
            ],
            "ypr": [
                -83.99968719482422,
                0.0,
                0.0
            ]
        },
        {
            "name": "Land_Container_1Aoh",
            "pos": [
                12294.21484375,
                12.507087707519532,
                9710.47265625
            ],
            "ypr": [
                15.999994277954102,
                0.0,
                0.0
            ]
        },
        {
            "name": "Land_Container_1Bo",
            "pos": [
                12292.5224609375,
                12.50924015045166,
                9704.3671875
            ],
            "ypr": [
                -163.99974060058595,
                0.0,
                0.0
            ]
        },
        {
            "name": "Land_Roadblock_Table",
            "pos": [
                12248.291015625,
                11.700178146362305,
                9714.431640625
            ],
            "ypr": [
                26.99997329711914,
                0.0,
                0.0
            ]
        },
        {
            "name": "Land_Roadblock_Table",
            "pos": [
                12243.873046875,
                11.700178146362305,
                9714.8623046875
            ],
            "ypr": [
                -87.99969482421875,
                0.0,
                0.0
            ]
        },
        {
            "name": "Land_Roadblock_WoodenCrate",
            "pos": [
                12243.9873046875,
                11.598189353942871,
                9713.1103515625
            ],
            "ypr": [
                -28.999977111816408,
                0.0,
                0.0
            ]
        },
        {
            "name": "Land_Roadblock_WoodenCrate",
            "pos": [
                12236.203125,
                11.598189353942871,
                9717.2294921875
            ],
            "ypr": [
                -48.999916076660159,
                0.9999999403953552,
                1.9999990463256837
            ]
        },
        {
            "name": "Land_Roadblock_Table",
            "pos": [
                12237.0322265625,
                11.700178146362305,
                9716.6015625
            ],
            "ypr": [
                -13.999992370605469,
                0.0,
                0.0
            ]
        },
        {
            "name": "Land_Roadblock_Table",
            "pos": [
                12236.9423828125,
                11.700178146362305,
                9721.2724609375
            ],
            "ypr": [
                -3.9999988079071047,
                0.0,
                0.0
            ]
        },
        {
            "name": "Land_Roadblock_WoodenCrate",
            "pos": [
                12241.8203125,
                11.598189353942871,
                9723.5205078125
            ],
            "ypr": [
                13.999992370605469,
                0.0,
                0.0
            ]
        },
        {
            "name": "Land_Roadblock_WoodenCrate",
            "pos": [
                12242.787109375,
                11.598189353942871,
                9723.4921875
            ],
            "ypr": [
                3.9999988079071047,
                1.9999992847442628,
                3.9999988079071047
            ]
        },
        {
            "name": "Land_Wreck_Uaz",
            "pos": [
                12238.06640625,
                12.043185234069825,
                9713.892578125
            ],
            "ypr": [
                39.99994659423828,
                0.9999989867210388,
                3.9999988079071047
            ]
        },
        {
            "name": "Land_Wreck_V3S",
            "pos": [
                12246.42578125,
                12.802950859069825,
                9724.7919921875
            ],
            "ypr": [
                20.99998664855957,
                -3.0,
                0.0
            ]
        },
        {
            "name": "CraterLong",
            "pos": [
                12248.3173828125,
                10.67702579498291,
                9724.4921875
            ],
            "ypr": [
                13.999979019165039,
                -3.0,
                13.999981880187989
            ]
        },
        {
            "name": "Land_Container_1Moh",
            "pos": [
                12279.8427734375,
                12.50924015045166,
                9747.2978515625
            ],
            "ypr": [
                104.99959564208985,
                0.0,
                0.0
            ]
        },
        {
            "name": "Land_Container_1Moh",
            "pos": [
                12289.361328125,
                12.50924015045166,
                9743.5224609375
            ],
            "ypr": [
                16.99997901916504,
                0.0,
                0.0
            ]
        },
        {
            "name": "Land_Container_1Mo",
            "pos": [
                12260.8798828125,
                12.50924015045166,
                9736.017578125
            ],
            "ypr": [
                -82.99969482421875,
                -0.9999999403953552,
                -0.9999989867210388
            ]
        },
        {
            "name": "Land_Container_1Mo",
            "pos": [
                12262.439453125,
                12.50924015045166,
                9739.1025390625
            ],
            "ypr": [
                -69.99974060058594,
                0.9999999403953552,
                0.9999999403953552
            ]
        },
        {
            "name": "Land_Container_1Bo",
            "pos": [
                12273.8994140625,
                12.459239959716797,
                9760.533203125
            ],
            "ypr": [
                -63.99983215332031,
                -0.9999999403953552,
                0.9999999403953552
            ]
        },
        {
            "name": "Land_Container_1Aoh",
            "pos": [
                12283.61328125,
                12.461044311523438,
                9763.73046875
            ],
            "ypr": [
                0.0,
                0.0,
                0.0
            ]
        },
        {
            "name": "Land_Guardhouse",
            "pos": [
                12255.8505859375,
                12.369643211364746,
                9758.9375
            ],
            "ypr": [
                -77.99972534179688,
                0.0,
                0.0
            ]
        },
        {
            "name": "Land_Tank_Medium_Stairs",
            "pos": [
                12203.6591796875,
                12.559877395629883,
                9733.662109375
            ],
            "ypr": [
                102.99955749511719,
                0.0,
                0.0
            ]
        },
        {
            "name": "Land_Mil_CamoNet_Roof_east",
            "pos": [
                12208.9541015625,
                12.422673225402832,
                9736.3994140625
            ],
            "ypr": [
                -56.999725341796878,
                0.0,
                0.0
            ]
        },
        {
            "name": "Land_Mil_Guardhouse2",
            "pos": [
                12252.087890625,
                12.619450569152832,
                9748.8388671875
            ],
            "ypr": [
                101.99958801269531,
                0.0,
                0.0
            ]
        },
        {
            "name": "Land_Container_1Bo",
            "pos": [
                12247.39453125,
                12.50924015045166,
                9741.9755859375
            ],
            "ypr": [
                -75.9997329711914,
                0.0,
                0.0
            ]
        },
        {
            "name": "Land_Container_1Aoh",
            "pos": [
                12255.7080078125,
                12.5,
                9736.5390625
            ],
            "ypr": [
                15.999970436096192,
                0.9999999403953552,
                0.9999999403953552
            ]
        },
        {
            "name": "Land_Container_1Aoh",
            "pos": [
                12253.30859375,
                12.559240341186524,
                9738.75390625
            ],
            "ypr": [
                9.999996185302735,
                0.9999999403953552,
                -1.9999990463256837
            ]
        },
        {
            "name": "Land_Container_1Moh",
            "pos": [
                12252.482421875,
                12.50924015045166,
                9714.501953125
            ],
            "ypr": [
                3.9999988079071047,
                0.0,
                0.0
            ]
        },
        {
            "name": "Land_Castle_Wall1_End1_nolc",
            "pos": [
                12220.6171875,
                6.378168106079102,
                9732.9775390625
            ],
            "ypr": [
                105.9998550415039,
                0.0,
                0.0
            ]
        },
        {
            "name": "Land_Castle_Wall1_End2",
            "pos": [
                12219.296875,
                6.5999979972839359,
                9729.9384765625
            ],
            "ypr": [
                100.99992370605469,
                0.0,
                0.0
            ]
        },
        {
            "name": "Land_Wreck_Volha_Blue",
            "pos": [
                12221.689453125,
                11.886941909790039,
                9730.5634765625
            ],
            "ypr": [
                3.9999988079071047,
                3.9999988079071047,
                -90.0
            ]
        },
        {
            "name": "Land_Wreck_hb01_aban2_white",
            "pos": [
                12220.6328125,
                13.930753707885743,
                9729.498046875
            ],
            "ypr": [
                6.9999613761901859,
                -30.999961853027345,
                -9.999996185302735
            ]
        },
        {
            "name": "Land_Wreck_Volha_Grey",
            "pos": [
                12221.97265625,
                12.036941528320313,
                9726.466796875
            ],
            "ypr": [
                25.999971389770509,
                0.0,
                5.999996185302734
            ]
        },
        {
            "name": "Land_Wreck_Lada_Red",
            "pos": [
                12221.322265625,
                13.361502647399903,
                9725.94140625
            ],
            "ypr": [
                22.999942779541017,
                14.999992370605469,
                15.99996280670166
            ]
        },
        {
            "name": "Land_Wreck_Lada_Green",
            "pos": [
                12222.634765625,
                12.961501121520996,
                9728.7314453125
            ],
            "ypr": [
                84.99935913085938,
                -43.99990463256836,
                167.99989318847657
            ]
        },
        {
            "name": "Land_Wreck_S1023_Beige",
            "pos": [
                12221.169921875,
                13.949139595031739,
                9733.1865234375
            ],
            "ypr": [
                1.9999990463256837,
                29.99995231628418,
                105.99956512451172
            ]
        },
        {
            "name": "CraterLong",
            "pos": [
                12219.9541015625,
                11.677029609680176,
                9730.10546875
            ],
            "ypr": [
                1.999991774559021,
                3.9999988079071047,
                -30.99997329711914
            ]
        },
        {
            "name": "CraterLong",
            "pos": [
                12222.5634765625,
                10.577025413513184,
                9726.525390625
            ],
            "ypr": [
                12.999992370605469,
                6.999999046325684,
                0.0
            ]
        },
        {
            "name": "Land_Wreck_sed01_aban2_black",
            "pos": [
                12223.4482421875,
                12.05331802368164,
                9735.2685546875
            ],
            "ypr": [
                13.999992370605469,
                0.0,
                0.0
            ]
        },
        {
            "name": "CraterLong",
            "pos": [
                12222.3916015625,
                11.477028846740723,
                9730.1279296875
            ],
            "ypr": [
                0.0,
                9.999996185302735,
                22.999958038330079
            ]
        },
        {
            "name": "Land_Wreck_Ikarus",
            "pos": [
                12218.697265625,
                12.487523078918457,
                9734.8203125
            ],
            "ypr": [
                8.999985694885254,
                0.0,
                0.0
            ]
        },
        {
            "name": "Land_Container_1Moh",
            "pos": [
                12218.5224609375,
                12.50924015045166,
                9741.5576171875
            ],
            "ypr": [
                96.99964141845703,
                0.9999999403953552,
                1.9999990463256837
            ]
        },
        {
            "name": "Land_Container_1Aoh",
            "pos": [
                12224.4482421875,
                12.50924015045166,
                9760.9150390625
            ],
            "ypr": [
                9.999995231628418,
                -0.9999999403953552,
                1.9999990463256837
            ]
        },
        {
            "name": "Land_Container_1Moh",
            "pos": [
                12226.103515625,
                12.50924015045166,
                9755.9873046875
            ],
            "ypr": [
                11.999992370605469,
                0.0,
                0.0
            ]
        },
        {
            "name": "Land_Container_1Mo",
            "pos": [
                12225.5986328125,
                15.124805450439454,
                9759.1328125
            ],
            "ypr": [
                0.0,
                0.0,
                0.0
            ]
        },
        {
            "name": "Land_Container_1Aoh",
            "pos": [
                12227.21875,
                12.459239959716797,
                9761.8779296875
            ],
            "ypr": [
                -171.99972534179688,
                0.0,
                0.9999999403953552
            ]
        },
        {
            "name": "Land_Container_1Moh",
            "pos": [
                12222.8974609375,
                12.50924015045166,
                9741.2255859375
            ],
            "ypr": [
                -167.999755859375,
                0.0,
                0.0
            ]
        },
        {
            "name": "Land_Monument_T34",
            "pos": [
                12230.8251953125,
                10.74972152709961,
                9756.9677734375
            ],
            "ypr": [
                91.9995346069336,
                0.0,
                6.999996185302734
            ]
        },
        {
            "name": "Land_Monument_T34",
            "pos": [
                12275.7119140625,
                10.74972152709961,
                9744.84375
            ],
            "ypr": [
                -157.99913024902345,
                0.0,
                6.999997138977051
            ]
        },
        {
            "name": "Land_FuelStation_Feed",
            "pos": [
                12207.005859375,
                12.158679008483887,
                9729.421875
            ],
            "ypr": [
                14.999991416931153,
                0.0,
                0.0
            ]
        },
        {
            "name": "Land_Wreck_Uaz",
            "pos": [
                12252.2080078125,
                12.14318561553955,
                9760.7578125
            ],
            "ypr": [
                -149.99917602539063,
                0.0,
                0.0
            ]
        },
        {
            "name": "Land_Wreck_Caravan_WGreen",
            "pos": [
                12222.3564453125,
                13.07127571105957,
                9774.2568359375
            ],
            "ypr": [
                -72.99976348876953,
                0.0,
                0.0
            ]
        },
        {
            "name": "Land_wreck_truck01_aban1_green",
            "pos": [
                12244.765625,
                11.25,
                9766.2109375
            ],
            "ypr": [
                3.0,
                -0.9999999403953552,
                0.0
            ]
        },
        {
            "name": "Land_wreck_truck01_aban2_blue",
            "pos": [
                12237.619140625,
                11.252812385559082,
                9775.0908203125
            ],
            "ypr": [
                173.9999542236328,
                0.0,
                0.0
            ]
        },
        {
            "name": "Land_Roadblock_Table",
            "pos": [
                12257.28515625,
                11.984763145446778,
                9760.763671875
            ],
            "ypr": [
                -80.9997329711914,
                0.0,
                0.0
            ]
        },
        {
            "name": "Land_Roadblock_WoodenCrate",
            "pos": [
                12274.390625,
                11.598189353942871,
                9724.2548828125
            ],
            "ypr": [
                0.0,
                0.9999999403953552,
                0.9999999403953552
            ]
        },
        {
            "name": "Land_Roadblock_WoodenCrate",
            "pos": [
                12283.6298828125,
                11.548189163208008,
                9718.4697265625
            ],
            "ypr": [
                -58.99985885620117,
                1.9999992847442628,
                -2.0
            ]
        },
        {
            "name": "Land_Roadblock_WoodenCrate",
            "pos": [
                12262.5625,
                11.598189353942871,
                9707.859375
            ],
            "ypr": [
                -64.99982452392578,
                1.9999992847442628,
                2.0
            ]
        },
        {
            "name": "Land_Mil_Tent_Big1_3",
            "pos": [
                12228.826171875,
                11.300000190734864,
                9739.65625
            ],
            "ypr": [
                0.0,
                0.0,
                0.0
            ]
        },
        {
            "name": "Land_Mil_Tent_Big1_1",
            "pos": [
                12245.34765625,
                11.300000190734864,
                9736.84375
            ],
            "ypr": [
                14.999967575073243,
                0.0,
                0.0
            ]
        }
    ]
}