{
    "Objects": [
        {
            "name": "Land_Wreck_Uaz",
            "pos": [
                5097.580078125,
                347.6610107421875,
                8528.080078125
            ],
            "ypr": [
                -21.810794830322267,
                -2.499999761581421,
                -4.5
            ]
        },
        {
            "name": "StaticObj_Roadblock_Pillbox",
            "pos": [
                5103.35009765625,
                348.1419677734375,
                8529.849609375
            ],
            "ypr": [
                98.9998779296875,
                0.0,
                -2.499999523162842
            ]
        },
        {
            "name": "Land_Roadblock_Table",
            "pos": [
                5102.10986328125,
                347.4649963378906,
                8530.26953125
            ],
            "ypr": [
                90.0,
                -1.5,
                -1.9999996423721314
            ]
        },
        {
            "name": "StaticObj_Misc_Chair_Camp1",
            "pos": [
                5102.68994140625,
                347.5409851074219,
                8529.8798828125
            ],
            "ypr": [
                125.99999237060547,
                0.9999998211860657,
                -2.5
            ]
        },
        {
            "name": "StaticObj_Misc_WoodenCrate",
            "pos": [
                5104.27978515625,
                347.3554382324219,
                8529.6103515625
            ],
            "ypr": [
                90.0,
                -2.499999523162842,
                -0.9999998211860657
            ]
        },
        {
            "name": "StaticObj_Mil_CamoNet_Side_nato",
            "pos": [
                5105.23193359375,
                349.18353271484377,
                8535.3740234375
            ],
            "ypr": [
                -54.53049850463867,
                0.0,
                0.0
            ]
        },
        {
            "name": "StaticObj_Mil_HBarrier_6m",
            "pos": [
                5103.35986328125,
                347.17108154296877,
                8538.6904296875
            ],
            "ypr": [
                -45.0,
                -12.49999713897705,
                0.9999998211860657
            ]
        },
        {
            "name": "StaticObj_Mil_HBarrier_4m",
            "pos": [
                5100.40869140625,
                347.2995910644531,
                8535.0810546875
            ],
            "ypr": [
                -63.0,
                -5.499999523162842,
                4.5
            ]
        },
        {
            "name": "Land_Container_1Mo",
            "pos": [
                5110.31982421875,
                348.3559875488281,
                8539.0595703125
            ],
            "ypr": [
                53.999996185302737,
                -0.49999991059303286,
                -3.0
            ]
        },
        {
            "name": "StaticObj_Misc_BagFence_3m",
            "pos": [
                5107.88525390625,
                347.3652038574219,
                8532.2744140625
            ],
            "ypr": [
                -49.76806640625,
                0.0,
                0.0
            ]
        },
        {
            "name": "StaticObj_Misc_BagFence_3m",
            "pos": [
                5110.40966796875,
                347.37884521484377,
                8536.255859375
            ],
            "ypr": [
                -64.19503784179688,
                0.0,
                0.0
            ]
        },
        {
            "name": "StaticObj_Garbage_Bin",
            "pos": [
                5106.390625,
                347.6474914550781,
                8531.052734375
            ],
            "ypr": [
                0.0,
                -0.0,
                -0.0
            ]
        },
        {
            "name": "StaticObj_Garbage_Bin",
            "pos": [
                5106.22705078125,
                347.6446228027344,
                8530.494140625
            ],
            "ypr": [
                -72.6585922241211,
                -0.0,
                -0.0
            ]
        },
        {
            "name": "StaticObj_Garbage_GroundSq_3m_NoLC",
            "pos": [
                5106.4169921875,
                347.12005615234377,
                8529.0869140625
            ],
            "ypr": [
                -9.0,
                0.0,
                0.0
            ]
        },
        {
            "name": "StaticObj_Garbage_Ground_6m_NoLC",
            "pos": [
                5110.642578125,
                347.1611328125,
                8535.2734375
            ],
            "ypr": [
                53.99998474121094,
                -0.0,
                -0.0
            ]
        },
        {
            "name": "Land_Roadblock_Table",
            "pos": [
                5104.2900390625,
                347.1470031738281,
                8537.509765625
            ],
            "ypr": [
                -45.0,
                -1.5,
                0.9999996423721314
            ]
        },
        {
            "name": "StaticObj_Misc_Table_Camp_Small",
            "pos": [
                5103.18017578125,
                347.2850036621094,
                8536.2099609375
            ],
            "ypr": [
                -18.000003814697267,
                -4.5,
                1.5
            ]
        },
        {
            "name": "StaticObj_Misc_WoodenCrate_5x",
            "pos": [
                5115.16015625,
                348.0799865722656,
                8521.8798828125
            ],
            "ypr": [
                8.9999361038208,
                -1.9999996423721314,
                -1.5
            ]
        },
        {
            "name": "StaticObj_Misc_WoodenCrate_3x",
            "pos": [
                5115.52001953125,
                347.84600830078127,
                8524.080078125
            ],
            "ypr": [
                -135.0,
                0.9999998211860657,
                1.9999996423721314
            ]
        },
        {
            "name": "StaticObj_Misc_WoodenCrate",
            "pos": [
                5113.02978515625,
                347.365966796875,
                8521.669921875
            ],
            "ypr": [
                -18.0,
                -2.499999523162842,
                0.9999998211860657
            ]
        },
        {
            "name": "CraterLong",
            "pos": [
                5117.330078125,
                346.7712097167969,
                8518.75
            ],
            "ypr": [
                -107.74298095703125,
                -2.4999990463256838,
                9.0
            ]
        },
        {
            "name": "Land_Monument_T34",
            "pos": [
                5118.0,
                346.7396545410156,
                8516.2900390625
            ],
            "ypr": [
                161.99996948242188,
                2.499999523162842,
                6.0
            ]
        },
        {
            "name": "StaticObj_Misc_Chair_Camp1",
            "pos": [
                5105.3974609375,
                347.2557067871094,
                8538.2314453125
            ],
            "ypr": [
                27.0,
                -0.0,
                -0.0
            ]
        },
        {
            "name": "StaticObj_Misc_Chair_Camp2",
            "pos": [
                5103.4921875,
                347.3890075683594,
                8535.7294921875
            ],
            "ypr": [
                -161.9999542236328,
                9.499999046325684,
                -2.4999990463256838
            ]
        },
        {
            "name": "StaticObj_Garbage_Pile2",
            "pos": [
                5107.27001953125,
                347.3564758300781,
                8530.16015625
            ],
            "ypr": [
                -63.0,
                -0.9999998211860657,
                2.5
            ]
        },
        {
            "name": "StaticObj_Furniture_debris_small_house",
            "pos": [
                5107.18505859375,
                347.094970703125,
                8528.998046875
            ],
            "ypr": [
                -27.000001907348634,
                -1.9999996423721314,
                1.5
            ]
        },
        {
            "name": "StaticObj_Misc_ConcreteBlock2",
            "pos": [
                5105.9658203125,
                347.4578552246094,
                8526.5615234375
            ],
            "ypr": [
                0.0,
                0.0,
                -0.9999998211860657
            ]
        },
        {
            "name": "StaticObj_Misc_Hedgehog_Concrete",
            "pos": [
                5107.65478515625,
                347.7615966796875,
                8513.0693359375
            ],
            "ypr": [
                0.0,
                -0.0,
                -0.0
            ]
        },
        {
            "name": "StaticObj_Misc_ConcreteBlock2_Damaged",
            "pos": [
                5115.69873046875,
                347.49896240234377,
                8527.439453125
            ],
            "ypr": [
                53.99998474121094,
                -0.0,
                -0.0
            ]
        },
        {
            "name": "StaticObj_Misc_TirePile",
            "pos": [
                5113.58544921875,
                351.382080078125,
                8523.66796875
            ],
            "ypr": [
                0.0,
                -0.0,
                -0.0
            ]
        },
        {
            "name": "StaticObj_Mil_HBarrier_6m",
            "pos": [
                5113.43017578125,
                347.9373779296875,
                8512.48046875
            ],
            "ypr": [
                45.0,
                2.499999523162842,
                -1.9999996423721314
            ]
        },
        {
            "name": "StaticObj_Mil_HBarrier_4m",
            "pos": [
                5110.58984375,
                347.77899169921877,
                8517.740234375
            ],
            "ypr": [
                -98.9998779296875,
                -3.499999523162842,
                0.9999996423721314
            ]
        },
        {
            "name": "StaticObj_Misc_Barbedwire",
            "pos": [
                5113.10009765625,
                347.815185546875,
                8505.23046875
            ],
            "ypr": [
                63.0,
                3.999999761581421,
                -2.4999992847442629
            ]
        },
        {
            "name": "StaticObj_Misc_Barbedwire",
            "pos": [
                5121.0498046875,
                349.08721923828127,
                8499.73046875
            ],
            "ypr": [
                9.0,
                3.499999523162842,
                -9.499999046325684
            ]
        },
        {
            "name": "Land_Wreck_Volha_Blue",
            "pos": [
                5105.06982421875,
                347.6619567871094,
                8517.73046875
            ],
            "ypr": [
                -144.0,
                -0.9999997019767761,
                -0.9999998211860657
            ]
        },
        {
            "name": "Land_Wreck_hb02_aban1_red",
            "pos": [
                5101.6298828125,
                347.7690124511719,
                8511.5498046875
            ],
            "ypr": [
                -135.0,
                -0.49999991059303286,
                0.49999991059303286
            ]
        },
        {
            "name": "Land_Wreck_hb01_aban2_green",
            "pos": [
                5121.91015625,
                348.2860107421875,
                8548.91015625
            ],
            "ypr": [
                53.999996185302737,
                0.9999998211860657,
                -0.49999991059303286
            ]
        },
        {
            "name": "Land_Wreck_S1023_Blue",
            "pos": [
                5083.65380859375,
                348.0364685058594,
                8496.4267578125
            ],
            "ypr": [
                53.99998474121094,
                -0.0,
                -0.0
            ]
        },
        {
            "name": "Land_Wreck_Ikarus",
            "pos": [
                5094.2646484375,
                348.3960876464844,
                8501.146484375
            ],
            "ypr": [
                -146.63198852539063,
                0.0,
                -0.0
            ]
        },
        {
            "name": "Land_Wreck_sed01_aban2_white",
            "pos": [
                5071.2822265625,
                348.0556945800781,
                8471.576171875
            ],
            "ypr": [
                33.220489501953128,
                -0.0,
                -0.0
            ]
        },
        {
            "name": "Land_Wreck_Volha_Grey",
            "pos": [
                5135.57861328125,
                348.1982116699219,
                8553.6904296875
            ],
            "ypr": [
                -138.630859375,
                0.0,
                -0.0
            ]
        },
        {
            "name": "Land_Wreck_S1023_Blue",
            "pos": [
                5167.56005859375,
                347.6004943847656,
                8593.0703125
            ],
            "ypr": [
                179.99996948242188,
                2.499999761581421,
                1.9999996423721314
            ]
        },
        {
            "name": "Land_Wreck_Lada_Green",
            "pos": [
                5170.35498046875,
                347.17364501953127,
                8594.0634765625
            ],
            "ypr": [
                72.00000762939453,
                -0.9999998211860657,
                -1.9999996423721314
            ]
        },
        {
            "name": "Land_Wreck_sed01_aban1_black",
            "pos": [
                5141.7099609375,
                347.5425109863281,
                8616.5595703125
            ],
            "ypr": [
                125.99999237060547,
                3.499999523162842,
                3.9999992847442629
            ]
        },
        {
            "name": "Land_Wreck_hb02_aban1_blue",
            "pos": [
                5121.5498046875,
                347.6390380859375,
                8616.2802734375
            ],
            "ypr": [
                -71.99989318847656,
                -1.5,
                -0.9999996423721314
            ]
        },
        {
            "name": "Land_Wreck_Ikarus",
            "pos": [
                5326.69970703125,
                334.4258728027344,
                8589.7431640625
            ],
            "ypr": [
                -44.99998092651367,
                0.0,
                0.0
            ]
        },
        {
            "name": "Land_Wreck_Volha_Blue",
            "pos": [
                5319.32861328125,
                333.9711608886719,
                8597.8466796875
            ],
            "ypr": [
                -45.0,
                1.5,
                4.500000953674316
            ]
        },
        {
            "name": "Land_Wreck_hb01_aban1_white",
            "pos": [
                5314.5400390625,
                334.5699768066406,
                8602.240234375
            ],
            "ypr": [
                -35.999996185302737,
                1.5,
                1.9999996423721314
            ]
        },
        {
            "name": "Land_Wreck_sed01_aban1_white",
            "pos": [
                5308.47021484375,
                334.5799560546875,
                8610.3603515625
            ],
            "ypr": [
                -45.0,
                3.0,
                2.499999523162842
            ]
        },
        {
            "name": "Land_wreck_truck01_aban2_blue",
            "pos": [
                5295.85009765625,
                334.7156066894531,
                8621.3603515625
            ],
            "ypr": [
                107.99999237060547,
                -4.500000476837158,
                -1.5000001192092896
            ]
        },
        {
            "name": "Land_Wreck_sed02_aban1_grey",
            "pos": [
                5245.009765625,
                341.8725280761719,
                8643.419921875
            ],
            "ypr": [
                -161.99996948242188,
                1.5,
                0.0
            ]
        },
        {
            "name": "StaticObj_Wreck_HMMWV",
            "pos": [
                5245.5634765625,
                341.86553955078127,
                8658.330078125
            ],
            "ypr": [
                -27.0,
                0.0,
                0.0
            ]
        },
        {
            "name": "Land_Mil_Tent_Big1_2",
            "pos": [
                5227.9765625,
                341.10101318359377,
                8661.4912109375
            ],
            "ypr": [
                -63.0,
                0.49999991059303286,
                -0.9999996423721314
            ]
        },
        {
            "name": "StaticObj_Mil_HBarrier_6m",
            "pos": [
                5238.6650390625,
                341.7667236328125,
                8650.5888671875
            ],
            "ypr": [
                -44.99998092651367,
                0.0,
                0.0
            ]
        },
        {
            "name": "StaticObj_Mil_HBarrier_4m",
            "pos": [
                5242.45849609375,
                341.6468811035156,
                8656.0380859375
            ],
            "ypr": [
                -71.99994659423828,
                0.0,
                0.0
            ]
        },
        {
            "name": "StaticObj_Wall_MilCncBarrier",
            "pos": [
                5249.33984375,
                341.0769958496094,
                8663.9697265625
            ],
            "ypr": [
                -107.99999237060547,
                0.4999999701976776,
                1.9999996423721314
            ]
        },
        {
            "name": "StaticObj_Furniture_radio_b",
            "pos": [
                5230.5849609375,
                341.9103698730469,
                8657.470703125
            ],
            "ypr": [
                87.03428649902344,
                -0.0,
                -0.0
            ]
        },
        {
            "name": "Land_Roadblock_Table",
            "pos": [
                5231.07177734375,
                341.528076171875,
                8658.0107421875
            ],
            "ypr": [
                -62.99997329711914,
                0.0,
                0.0
            ]
        },
        {
            "name": "Land_Wreck_sed01_aban1_white",
            "pos": [
                5415.275390625,
                331.2112121582031,
                8538.8779296875
            ],
            "ypr": [
                143.99989318847657,
                0.0,
                -0.0
            ]
        },
        {
            "name": "Land_Wreck_sed02_aban1_red",
            "pos": [
                5407.64990234375,
                331.4750061035156,
                8550.900390625
            ],
            "ypr": [
                144.0,
                -1.5,
                -1.5
            ]
        },
        {
            "name": "StaticObj_Wall_Fen5_10",
            "pos": [
                5366.02001953125,
                334.8798828125,
                8583.400390625
            ],
            "ypr": [
                29.745601654052736,
                0.0,
                1.5
            ]
        },
        {
            "name": "StaticObj_Wall_Fen5_10",
            "pos": [
                5374.669921875,
                334.7105712890625,
                8578.4404296875
            ],
            "ypr": [
                29.745601654052736,
                0.0,
                0.49999991059303286
            ]
        },
        {
            "name": "StaticObj_Wall_Fen5_10",
            "pos": [
                5386.5986328125,
                334.36309814453127,
                8571.755859375
            ],
            "ypr": [
                -153.2310028076172,
                0.0,
                -0.49999991059303286
            ]
        },
        {
            "name": "StaticObj_Wall_Fen5_10",
            "pos": [
                5395.29248046875,
                334.2415771484375,
                8567.4072265625
            ],
            "ypr": [
                -153.5,
                0.0,
                -0.9999998211860657
            ]
        },
        {
            "name": "StaticObj_Wall_Fen5_10",
            "pos": [
                5402.0029296875,
                334.10821533203127,
                8570.115234375
            ],
            "ypr": [
                111.04297637939453,
                0.0,
                -0.4999998211860657
            ]
        },
        {
            "name": "StaticObj_Wall_Fen5_10",
            "pos": [
                5405.61083984375,
                333.9790344238281,
                8579.423828125
            ],
            "ypr": [
                111.27384185791016,
                0.0,
                -0.9999996423721314
            ]
        },
        {
            "name": "StaticObj_Wall_Fen5_5",
            "pos": [
                5408.36767578125,
                333.8825378417969,
                8586.392578125
            ],
            "ypr": [
                112.02999114990235,
                0.0,
                0.0
            ]
        },
        {
            "name": "StaticObj_Wall_Fen5_5",
            "pos": [
                5406.87841796875,
                333.8926696777344,
                8590.24609375
            ],
            "ypr": [
                27.835500717163087,
                0.0,
                1.5
            ]
        },
        {
            "name": "StaticObj_Wall_IndVar1_5_2",
            "pos": [
                5391.27001953125,
                332.132568359375,
                8599.7197265625
            ],
            "ypr": [
                -149.0,
                0.0,
                0.9999998211860657
            ]
        },
        {
            "name": "StaticObj_Wall_IndVar1_5_2",
            "pos": [
                5396.49755859375,
                332.2198486328125,
                8596.3818359375
            ],
            "ypr": [
                -147.49996948242188,
                0.0,
                0.0
            ]
        },
        {
            "name": "StaticObj_Wall_Gate_CGry",
            "pos": [
                5400.97900390625,
                333.83587646484377,
                8593.1669921875
            ],
            "ypr": [
                -146.5657501220703,
                -0.0,
                -0.0
            ]
        },
        {
            "name": "StaticObj_Wall_Fen5_5",
            "pos": [
                5404.68505859375,
                333.94342041015627,
                8591.3974609375
            ],
            "ypr": [
                26.999990463256837,
                -0.0,
                -0.0
            ]
        },
        {
            "name": "StaticObj_Wall_Fen5_10",
            "pos": [
                5395.6201171875,
                334.8688659667969,
                8597.330078125
            ],
            "ypr": [
                32.029998779296878,
                0.0,
                -0.49999991059303286
            ]
        },
        {
            "name": "StaticObj_Wall_Fen5_10",
            "pos": [
                5387.10986328125,
                334.9596252441406,
                8602.580078125
            ],
            "ypr": [
                31.38809585571289,
                0.0,
                1.5
            ]
        },
        {
            "name": "StaticObj_Wall_Fen5_5",
            "pos": [
                5380.830078125,
                335.2359313964844,
                8606.650390625
            ],
            "ypr": [
                35.999996185302737,
                0.0,
                3.0
            ]
        },
        {
            "name": "StaticObj_Wall_Fen5_5",
            "pos": [
                5379.4599609375,
                335.406005859375,
                8607.6201171875
            ],
            "ypr": [
                35.999996185302737,
                0.0,
                5.999998569488525
            ]
        },
        {
            "name": "StaticObj_Wall_Fen5_10",
            "pos": [
                5374.24658203125,
                335.5035705566406,
                8604.7607421875
            ],
            "ypr": [
                -56.3157844543457,
                0.0,
                -1.9999996423721314
            ]
        },
        {
            "name": "StaticObj_Wall_Fen5_5",
            "pos": [
                5370.0,
                335.238037109375,
                8598.58984375
            ],
            "ypr": [
                -54.0,
                0.0,
                -1.9999996423721314
            ]
        },
        {
            "name": "StaticObj_Wall_Fen5_5",
            "pos": [
                5367.78857421875,
                335.0882263183594,
                8595.48046875
            ],
            "ypr": [
                -55.13620376586914,
                0.0,
                -2.499999523162842
            ]
        },
        {
            "name": "StaticObj_Wall_Fen5_5",
            "pos": [
                5364.94775390625,
                334.9912414550781,
                8591.3369140625
            ],
            "ypr": [
                -56.43735122680664,
                0.0,
                -0.0
            ]
        },
        {
            "name": "StaticObj_Wall_Fen5_5",
            "pos": [
                5362.53662109375,
                334.9909973144531,
                8587.7177734375
            ],
            "ypr": [
                -56.19639587402344,
                0.0,
                0.0
            ]
        },
        {
            "name": "StaticObj_Wall_IndVar1_5",
            "pos": [
                5366.57568359375,
                332.29803466796877,
                8593.0322265625
            ],
            "ypr": [
                -56.397804260253909,
                0.0,
                0.0
            ]
        },
        {
            "name": "PileOfWoodenPlanks",
            "pos": [
                5399.60498046875,
                330.56793212890627,
                8568.716796875
            ],
            "ypr": [
                -62.999961853027347,
                0.0,
                0.0
            ]
        },
        {
            "name": "Land_Wreck_S1023_Blue",
            "pos": [
                5495.89697265625,
                326.5803527832031,
                8694.1181640625
            ],
            "ypr": [
                62.99997329711914,
                -0.0,
                -0.0
            ]
        },
        {
            "name": "Land_Wreck_hb02_aban2_blue",
            "pos": [
                5502.97998046875,
                325.9909973144531,
                8698.6201171875
            ],
            "ypr": [
                45.0,
                -3.4999992847442629,
                1.5
            ]
        },
        {
            "name": "Land_Wreck_sed01_aban2_wine",
            "pos": [
                5474.77783203125,
                326.3950500488281,
                8663.1279296875
            ],
            "ypr": [
                -161.99986267089845,
                0.0,
                -0.0
            ]
        },
        {
            "name": "StaticObj_Mil_ReinforcedTank2_Grass_Top",
            "pos": [
                5503.09814453125,
                316.7177734375,
                8690.080078125
            ],
            "ypr": [
                0.0,
                -0.0,
                -0.0
            ]
        },
        {
            "name": "StaticObj_Tisy_Garages_Grass_L",
            "pos": [
                5509.0,
                317.7568359375,
                8698.349609375
            ],
            "ypr": [
                45.0,
                1.5,
                3.9999992847442629
            ]
        },
        {
            "name": "StaticObj_Mil_ReinforcedTank2_Grass_Top",
            "pos": [
                5474.64990234375,
                316.82952880859377,
                8668.3203125
            ],
            "ypr": [
                150.8820037841797,
                0.49999991059303286,
                -0.9999996423721314
            ]
        },
        {
            "name": "StaticObj_Tisy_Garages_Grass_L",
            "pos": [
                5467.97021484375,
                318.31170654296877,
                8650.6103515625
            ],
            "ypr": [
                172.34498596191407,
                3.4986696243286135,
                6.9999680519104
            ]
        },
        {
            "name": "Land_Village_Pub",
            "pos": [
                5531.41357421875,
                326.639892578125,
                8594.53125
            ],
            "ypr": [
                -89.99994659423828,
                0.0,
                0.0
            ]
        },
        {
            "name": "StaticObj_Roads_Partmud_25",
            "pos": [
                5519.14990234375,
                323.3514709472656,
                8582.76953125
            ],
            "ypr": [
                108.0,
                -1.7699997425079346,
                -2.499999523162842
            ]
        },
        {
            "name": "StaticObj_Roads_Partmud_30_25",
            "pos": [
                5506.31396484375,
                323.7829284667969,
                8588.5595703125
            ],
            "ypr": [
                -71.99989318847656,
                1.9999996423721314,
                1.5
            ]
        },
        {
            "name": "StaticObj_Roads_Partmud_22_50",
            "pos": [
                5494.37451171875,
                324.3724060058594,
                8595.9775390625
            ],
            "ypr": [
                107.99999237060547,
                -3.499999523162842,
                -1.9999996423721314
            ]
        },
        {
            "name": "StaticObj_Roads_Partmud_6",
            "pos": [
                5483.07275390625,
                325.10693359375,
                8601.521484375
            ],
            "ypr": [
                -72.00001525878906,
                4.500000476837158,
                1.9999992847442628
            ]
        },
        {
            "name": "StaticObj_Roads_Partmud_6konec",
            "pos": [
                5477.49267578125,
                325.61456298828127,
                8603.3046875
            ],
            "ypr": [
                107.99999237060547,
                -4.999998092651367,
                -1.9999992847442628
            ]
        },
        {
            "name": "StaticObj_Wall_ForFieldFen_end",
            "pos": [
                5477.3662109375,
                326.3445739746094,
                8598.634765625
            ],
            "ypr": [
                82.76028442382813,
                -0.0,
                -0.0
            ]
        },
        {
            "name": "StaticObj_Wall_ForFieldFen_2",
            "pos": [
                5477.6650390625,
                326.3468322753906,
                8595.486328125
            ],
            "ypr": [
                -97.23987579345703,
                0.0,
                0.4999998211860657
            ]
        },
        {
            "name": "StaticObj_Wall_ForFieldFen_1",
            "pos": [
                5478.025390625,
                326.43804931640627,
                8592.4228515625
            ],
            "ypr": [
                -97.23970031738281,
                0.0,
                -0.0
            ]
        },
        {
            "name": "StaticObj_Wall_ForFieldFen_2",
            "pos": [
                5478.42626953125,
                326.54730224609377,
                8589.259765625
            ],
            "ypr": [
                -97.23987579345703,
                0.0,
                0.9999996423721314
            ]
        },
        {
            "name": "StaticObj_Wall_ForFieldFen_end",
            "pos": [
                5487.2001953125,
                325.7663269042969,
                8595.669921875
            ],
            "ypr": [
                -156.59597778320313,
                0.0,
                -5.499999046325684
            ]
        },
        {
            "name": "StaticObj_Wall_ForFieldFen_2",
            "pos": [
                5484.35009765625,
                325.8794250488281,
                8597.009765625
            ],
            "ypr": [
                23.403200149536134,
                0.0,
                -0.9999998211860657
            ]
        },
        {
            "name": "StaticObj_Wall_ForFieldFen_1",
            "pos": [
                5481.52978515625,
                325.9954528808594,
                8598.26953125
            ],
            "ypr": [
                23.403093338012697,
                0.0,
                2.499999523162842
            ]
        },
        {
            "name": "StaticObj_Wall_ForFieldFen_2",
            "pos": [
                5478.58056640625,
                326.1521911621094,
                8599.51953125
            ],
            "ypr": [
                23.40325355529785,
                0.0,
                0.4999988079071045
            ]
        },
        {
            "name": "StaticObj_Wall_ForFieldFen_2",
            "pos": [
                5496.68505859375,
                324.62701416015627,
                8591.53515625
            ],
            "ypr": [
                -148.18055725097657,
                0.0,
                6.499997615814209
            ]
        },
        {
            "name": "StaticObj_Wall_ForFieldFen_2",
            "pos": [
                5499.083984375,
                324.79632568359377,
                8589.849609375
            ],
            "ypr": [
                35.999996185302737,
                -0.0,
                -0.0
            ]
        },
        {
            "name": "StaticObj_Wall_ForFieldFen_end",
            "pos": [
                5501.44140625,
                324.807861328125,
                8587.6591796875
            ],
            "ypr": [
                -135.0,
                0.0,
                -0.0
            ]
        },
        {
            "name": "StaticObj_Wall_ForFieldFen_1",
            "pos": [
                5504.009765625,
                324.75543212890627,
                8585.830078125
            ],
            "ypr": [
                -152.99996948242188,
                0.0,
                -4.5
            ]
        },
        {
            "name": "StaticObj_Wall_ForFieldFen_2",
            "pos": [
                5506.5556640625,
                324.27349853515627,
                8584.4580078125
            ],
            "ypr": [
                27.0,
                0.0,
                11.499995231628418
            ]
        },
        {
            "name": "StaticObj_Wall_ForFieldFen_2",
            "pos": [
                5507.73486328125,
                323.935302734375,
                8590.9345703125
            ],
            "ypr": [
                -160.05819702148438,
                0.0,
                6.499997615814209
            ]
        },
        {
            "name": "StaticObj_Wall_ForFieldFen_2",
            "pos": [
                5510.4326171875,
                324.1046142578125,
                8589.779296875
            ],
            "ypr": [
                24.122554779052736,
                -0.0,
                -0.0
            ]
        },
        {
            "name": "StaticObj_Wall_ForFieldFen_end",
            "pos": [
                5513.18896484375,
                324.11614990234377,
                8588.1181640625
            ],
            "ypr": [
                -146.87713623046876,
                0.0,
                -0.0
            ]
        },
        {
            "name": "StaticObj_Wall_ForFieldFen_1",
            "pos": [
                5516.07568359375,
                324.063720703125,
                8586.8583984375
            ],
            "ypr": [
                -164.87767028808595,
                0.0,
                -4.5
            ]
        },
        {
            "name": "StaticObj_Wall_ForFieldFen_2",
            "pos": [
                5518.8515625,
                323.581787109375,
                8586.0361328125
            ],
            "ypr": [
                15.122499465942383,
                0.0,
                11.499995231628418
            ]
        },
        {
            "name": "StaticObj_Wall_ForFieldFen_end",
            "pos": [
                5476.84912109375,
                326.20172119140627,
                8618.197265625
            ],
            "ypr": [
                87.86978149414063,
                -0.0,
                -0.0
            ]
        },
        {
            "name": "StaticObj_Wall_ForFieldFen_2",
            "pos": [
                5476.865234375,
                326.2039794921875,
                8615.0322265625
            ],
            "ypr": [
                -92.12958526611328,
                0.0,
                0.4999998211860657
            ]
        },
        {
            "name": "StaticObj_Wall_ForFieldFen_1",
            "pos": [
                5476.9521484375,
                326.2951965332031,
                8611.953125
            ],
            "ypr": [
                -92.12947082519531,
                0.0,
                -0.0
            ]
        },
        {
            "name": "StaticObj_Wall_ForFieldFen_2",
            "pos": [
                5477.06982421875,
                326.27398681640627,
                8608.75
            ],
            "ypr": [
                -92.12950134277344,
                0.0,
                -3.4999992847442629
            ]
        },
        {
            "name": "StaticObj_Wall_ForFieldFen_2",
            "pos": [
                5488.06005859375,
                325.5101623535156,
                8603.330078125
            ],
            "ypr": [
                -165.43197631835938,
                0.0,
                0.0
            ]
        },
        {
            "name": "StaticObj_Wall_ForFieldFen_end",
            "pos": [
                5485.06005859375,
                325.6919860839844,
                8604.51953125
            ],
            "ypr": [
                23.567195892333986,
                0.0,
                5.999998569488525
            ]
        },
        {
            "name": "StaticObj_Wall_ForFieldFen_1",
            "pos": [
                5482.18994140625,
                325.8160095214844,
                8605.2998046875
            ],
            "ypr": [
                5.566709518432617,
                0.0,
                -1.9999990463256837
            ]
        },
        {
            "name": "StaticObj_Wall_ForFieldFen_2",
            "pos": [
                5479.14013671875,
                325.6936950683594,
                8605.6298828125
            ],
            "ypr": [
                -174.43199157714845,
                0.0,
                0.49999991059303286
            ]
        },
        {
            "name": "StaticObj_Wall_ForFieldFen_end",
            "pos": [
                5476.0869140625,
                326.2923889160156,
                8639.119140625
            ],
            "ypr": [
                87.86978149414063,
                -0.0,
                -0.0
            ]
        },
        {
            "name": "StaticObj_Wall_ForFieldFen_2",
            "pos": [
                5476.10302734375,
                326.2946472167969,
                8635.9541015625
            ],
            "ypr": [
                -92.12958526611328,
                0.0,
                0.4999998211860657
            ]
        },
        {
            "name": "StaticObj_Wall_ForFieldFen_1",
            "pos": [
                5476.18994140625,
                326.3858642578125,
                8632.875
            ],
            "ypr": [
                -92.12947082519531,
                0.0,
                -0.0
            ]
        },
        {
            "name": "StaticObj_Wall_ForFieldFen_2",
            "pos": [
                5476.3076171875,
                326.3646545410156,
                8629.671875
            ],
            "ypr": [
                -92.12950134277344,
                0.0,
                -3.4999988079071047
            ]
        },
        {
            "name": "StaticObj_Wall_ForFieldFen_2",
            "pos": [
                5476.330078125,
                326.0062561035156,
                8626.6904296875
            ],
            "ypr": [
                89.902587890625,
                0.0,
                10.5
            ]
        },
        {
            "name": "StaticObj_Tisy_Garages_Grass_L",
            "pos": [
                5083.02978515625,
                339.937744140625,
                8481.419921875
            ],
            "ypr": [
                35.999996185302737,
                0.9999998211860657,
                0.49999991059303286
            ]
        },
        {
            "name": "StaticObj_Mil_ReinforcedTank2_Grass_Top",
            "pos": [
                5067.4599609375,
                338.5169982910156,
                8465.5703125
            ],
            "ypr": [
                0.0,
                0.9999998211860657,
                0.9999998211860657
            ]
        },
        {
            "name": "StaticObj_Tisy_Garages_Grass_L",
            "pos": [
                5105.56005859375,
                339.5081481933594,
                8514.669921875
            ],
            "ypr": [
                35.999996185302737,
                1.9999996423721314,
                7.500000476837158
            ]
        },
        {
            "name": "StaticObj_Tisy_Garages_Grass_L",
            "pos": [
                5090.2685546875,
                339.45428466796877,
                8497.740234375
            ],
            "ypr": [
                35.999996185302737,
                1.9999994039535523,
                7.500000476837158
            ]
        },
        {
            "name": "StaticObj_Tisy_Garages_Grass_L",
            "pos": [
                5136.005859375,
                339.9982604980469,
                8550.3037109375
            ],
            "ypr": [
                35.999996185302737,
                1.9999994039535523,
                7.500000476837158
            ]
        },
        {
            "name": "StaticObj_Tisy_Garages_Grass_L",
            "pos": [
                5142.47998046875,
                340.0838928222656,
                8559.8701171875
            ],
            "ypr": [
                47.255401611328128,
                1.4915497303009034,
                6.999999046325684
            ]
        },
        {
            "name": "StaticObj_Mil_ReinforcedTank2_Grass_Top",
            "pos": [
                5138.1240234375,
                338.80755615234377,
                8563.9541015625
            ],
            "ypr": [
                117.0335464477539,
                -0.0,
                -0.0
            ]
        },
        {
            "name": "StaticObj_Wall_CGry_5",
            "pos": [
                5188.759765625,
                348.06298828125,
                8560.6796875
            ],
            "ypr": [
                48.27998733520508,
                0.0,
                -0.5999999046325684
            ]
        },
        {
            "name": "StaticObj_Wall_CGry_5",
            "pos": [
                5207.02978515625,
                347.0050048828125,
                8565.919921875
            ],
            "ypr": [
                -56.799991607666019,
                0.0,
                0.5999999046325684
            ]
        },
        {
            "name": "StaticObj_Wall_CGry_5",
            "pos": [
                5205.3837890625,
                345.2952880859375,
                8594.759765625
            ],
            "ypr": [
                -155.37997436523438,
                0.0,
                -2.25
            ]
        },
        {
            "name": "StaticObj_Wall_CGry_5",
            "pos": [
                5213.64990234375,
                344.89208984375,
                8589.759765625
            ],
            "ypr": [
                -140.99996948242188,
                0.0,
                -7.500000476837158
            ]
        },
        {
            "name": "StaticObj_Wall_CGry_5",
            "pos": [
                5209.73193359375,
                345.198974609375,
                8592.4794921875
            ],
            "ypr": [
                -149.3192138671875,
                0.0,
                0.0
            ]
        },
        {
            "name": "StaticObj_Mil_ReinforcedTank2_Grass_Top",
            "pos": [
                5165.27978515625,
                337.81280517578127,
                8590.4404296875
            ],
            "ypr": [
                117.03398895263672,
                0.49999991059303286,
                -2.499999523162842
            ]
        },
        {
            "name": "StaticObj_Tisy_Garages_Grass_L",
            "pos": [
                5172.0771484375,
                339.2655334472656,
                8591.6259765625
            ],
            "ypr": [
                53.99998474121094,
                -0.0,
                -0.0
            ]
        },
        {
            "name": "StaticObj_Tisy_Garages_Grass_L",
            "pos": [
                5182.41015625,
                338.7893371582031,
                8597.669921875
            ],
            "ypr": [
                54.0,
                -2.499999523162842,
                2.499999523162842
            ]
        },
        {
            "name": "StaticObj_Tisy_Garages_Grass_L",
            "pos": [
                5198.72216796875,
                336.684326171875,
                8604.9365234375
            ],
            "ypr": [
                54.0,
                -2.4999992847442629,
                2.4999992847442629
            ]
        },
        {
            "name": "StaticObj_Tisy_Garages_Grass_L",
            "pos": [
                5217.52001953125,
                334.78436279296877,
                8613.23046875
            ],
            "ypr": [
                66.46369934082031,
                -2.4999096393585207,
                3.4999992847442629
            ]
        },
        {
            "name": "Land_Wreck_Volha_Grey",
            "pos": [
                5210.509765625,
                342.86260986328127,
                8619.5
            ],
            "ypr": [
                90.0,
                -5.499999046325684,
                -7.999998569488525
            ]
        },
        {
            "name": "Land_Wreck_V3S",
            "pos": [
                5259.8701171875,
                338.84039306640627,
                8613.8603515625
            ],
            "ypr": [
                -18.0,
                6.0,
                2.999999523162842
            ]
        },
        {
            "name": "Land_Construction_House1",
            "pos": [
                5400.30615234375,
                339.605224609375,
                8717.3408203125
            ],
            "ypr": [
                -40.475311279296878,
                0.0,
                0.0
            ]
        },
        {
            "name": "Land_Construction_House2",
            "pos": [
                5390.2236328125,
                340.20159912109377,
                8712.2998046875
            ],
            "ypr": [
                49.5237922668457,
                -0.0,
                -0.0
            ]
        },
        {
            "name": "PileOfWoodenPlanks",
            "pos": [
                5400.97021484375,
                337.5608825683594,
                8714.1123046875
            ],
            "ypr": [
                -43.081722259521487,
                -0.0,
                -0.0
            ]
        },
        {
            "name": "StaticObj_Wall_IndCncH_10",
            "pos": [
                5391.77490234375,
                344.3855285644531,
                8712.0712890625
            ],
            "ypr": [
                -40.59504699707031,
                0.0,
                0.0
            ]
        },
        {
            "name": "StaticObj_Wall_Fen3_4",
            "pos": [
                5393.38818359375,
                338.38238525390627,
                8706.4296875
            ],
            "ypr": [
                -41.5,
                0.0,
                0.0
            ]
        },
        {
            "name": "StaticObj_Wall_Fen6_8",
            "pos": [
                5395.552734375,
                338.6730041503906,
                8708.3037109375
            ],
            "ypr": [
                139.50067138671876,
                0.0,
                0.0
            ]
        },
        {
            "name": "StaticObj_Wall_Barricade1_4",
            "pos": [
                5402.70166015625,
                335.443115234375,
                8712.849609375
            ],
            "ypr": [
                143.99989318847657,
                0.0,
                -0.0
            ]
        },
        {
            "name": "StaticObj_Wall_Barricade1_10",
            "pos": [
                5404.30126953125,
                335.6841125488281,
                8721.775390625
            ],
            "ypr": [
                51.43240737915039,
                -0.0,
                -0.0
            ]
        },
        {
            "name": "StaticObj_Wall_IndCncH_10",
            "pos": [
                5392.794921875,
                336.9685363769531,
                8706.8447265625
            ],
            "ypr": [
                -40.59504699707031,
                0.0,
                0.0
            ]
        },
        {
            "name": "StaticObj_Platform1_Stairs_30",
            "pos": [
                5401.5595703125,
                335.22705078125,
                8709.0517578125
            ],
            "ypr": [
                -129.49986267089845,
                0.0,
                0.0
            ]
        },
        {
            "name": "StaticObj_Platform1_Stairs_30",
            "pos": [
                5400.34130859375,
                335.2311096191406,
                8710.5146484375
            ],
            "ypr": [
                -129.49986267089845,
                0.0,
                0.0
            ]
        },
        {
            "name": "StaticObj_Wall_Cnc_5",
            "pos": [
                5395.70068359375,
                335.0013427734375,
                8703.453125
            ],
            "ypr": [
                -40.49999237060547,
                0.0,
                0.0
            ]
        },
        {
            "name": "StaticObj_Wall_Cnc_5",
            "pos": [
                5389.40869140625,
                334.9991455078125,
                8704.6181640625
            ],
            "ypr": [
                49.29610061645508,
                0.0,
                0.0
            ]
        },
        {
            "name": "StaticObj_Wall_FenR_3",
            "pos": [
                5397.54296875,
                338.809326171875,
                8704.599609375
            ],
            "ypr": [
                -40.836891174316409,
                0.0,
                0.0
            ]
        },
        {
            "name": "StaticObj_Wall_FenR_3",
            "pos": [
                5395.6357421875,
                338.7982177734375,
                8702.9501953125
            ],
            "ypr": [
                -40.836891174316409,
                0.0,
                0.0
            ]
        },
        {
            "name": "StaticObj_Wall_FenR_3",
            "pos": [
                5393.7353515625,
                338.7980651855469,
                8701.3037109375
            ],
            "ypr": [
                -40.836891174316409,
                0.0,
                0.0
            ]
        },
        {
            "name": "StaticObj_Wall_FenR_Pole",
            "pos": [
                5392.67431640625,
                338.8089904785156,
                8700.396484375
            ],
            "ypr": [
                -40.99999237060547,
                0.0,
                0.0
            ]
        },
        {
            "name": "StaticObj_Wall_FenR_Pole",
            "pos": [
                5398.4208984375,
                339.0452880859375,
                8705.33984375
            ],
            "ypr": [
                -44.99999237060547,
                0.0,
                0.0
            ]
        },
        {
            "name": "StaticObj_Wall_FenR_3",
            "pos": [
                5388.48583984375,
                338.7840576171875,
                8705.2578125
            ],
            "ypr": [
                -130.89349365234376,
                0.0,
                0.0
            ]
        },
        {
            "name": "StaticObj_Wall_FenR_3",
            "pos": [
                5390.13525390625,
                338.77294921875,
                8703.3525390625
            ],
            "ypr": [
                -130.89224243164063,
                0.0,
                0.0
            ]
        },
        {
            "name": "StaticObj_Wall_FenR_3",
            "pos": [
                5391.787109375,
                338.7727966308594,
                8701.44921875
            ],
            "ypr": [
                -130.89349365234376,
                0.0,
                0.0
            ]
        },
        {
            "name": "StaticObj_Wall_FenR_Pole",
            "pos": [
                5387.74072265625,
                339.02001953125,
                8706.1328125
            ],
            "ypr": [
                -135.0568084716797,
                0.0,
                0.0
            ]
        },
        {
            "name": "StaticObj_Wall_Tin6_1_4",
            "pos": [
                5390.287109375,
                345.5289001464844,
                8706.591796875
            ],
            "ypr": [
                48.78575897216797,
                -0.0,
                -0.0
            ]
        },
        {
            "name": "StaticObj_Wall_Tin6_2_4",
            "pos": [
                5387.69970703125,
                345.5533752441406,
                8709.5771484375
            ],
            "ypr": [
                51.04362487792969,
                -0.0,
                -0.0
            ]
        },
        {
            "name": "StaticObj_Wall_Fen6_8",
            "pos": [
                5394.74609375,
                345.7439270019531,
                8707.869140625
            ],
            "ypr": [
                -42.16170120239258,
                0.0,
                0.0
            ]
        },
        {
            "name": "StaticObj_Wall_PipeFenceWall_8",
            "pos": [
                5396.35107421875,
                344.9887390136719,
                8714.2041015625
            ],
            "ypr": [
                50.499996185302737,
                0.0,
                0.0
            ]
        },
        {
            "name": "StaticObj_Wall_MilCncBarrier",
            "pos": [
                5396.841796875,
                345.4018249511719,
                8710.3408203125
            ],
            "ypr": [
                -43.99993133544922,
                0.0,
                0.0
            ]
        },
        {
            "name": "StaticObj_Slum_Roof5",
            "pos": [
                5389.482421875,
                346.6921081542969,
                8713.421875
            ],
            "ypr": [
                139.6510009765625,
                0.0,
                0.0
            ]
        },
        {
            "name": "StaticObj_Roads_Partmud_6konec",
            "pos": [
                5533.8798828125,
                322.88897705078127,
                8578.0400390625
            ],
            "ypr": [
                -72.00000762939453,
                1.5,
                2.5
            ]
        },
        {
            "name": "Land_Wreck_Ikarus",
            "pos": [
                5470.2900390625,
                327.3074951171875,
                8595.2998046875
            ],
            "ypr": [
                -3.9535796642303469,
                -0.9999999403953552,
                0.0
            ]
        },
        {
            "name": "StaticObj_Tunnel_Biathlon_Left_elytrigia",
            "pos": [
                5474.4501953125,
                321.8424072265625,
                8603.740234375
            ],
            "ypr": [
                -135.0,
                -6.999999523162842,
                0.0
            ]
        },
        {
            "name": "StaticObj_Tunnel_Biathlon_Right_elytrigia",
            "pos": [
                5435.58984375,
                325.97430419921877,
                8527.9697265625
            ],
            "ypr": [
                -80.99999237060547,
                -4.999999523162842,
                -1.9999998807907105
            ]
        },
        {
            "name": "StaticObj_Tisy_Garages_Grass_L",
            "pos": [
                5455.35009765625,
                321.64715576171877,
                8543.419921875
            ],
            "ypr": [
                53.999996185302737,
                -0.9999999403953552,
                3.0
            ]
        },
        {
            "name": "StaticObj_Tisy_Garages_Grass_R",
            "pos": [
                5395.259765625,
                323.660888671875,
                8549.2998046875
            ],
            "ypr": [
                -53.999996185302737,
                1.5,
                -3.0
            ]
        },
        {
            "name": "StaticObj_Tisy_Garages_Grass_L",
            "pos": [
                5367.35009765625,
                324.4491271972656,
                8572.8603515625
            ],
            "ypr": [
                -63.0,
                3.499999761581421,
                0.9999998211860657
            ]
        },
        {
            "name": "StaticObj_Mil_ReinforcedTank1_Grass",
            "pos": [
                5333.3056640625,
                326.5414733886719,
                8588.6103515625
            ],
            "ypr": [
                0.0,
                -0.0,
                -0.0
            ]
        },
        {
            "name": "StaticObj_Mil_ReinforcedTank2_Grass_Top",
            "pos": [
                5321.759765625,
                324.42999267578127,
                8598.099609375
            ],
            "ypr": [
                0.0,
                1.5,
                0.9999998211860657
            ]
        },
        {
            "name": "StaticObj_Tunnel_Biathlon_Left_elytrigia",
            "pos": [
                5336.35986328125,
                328.1080017089844,
                8578.51953125
            ],
            "ypr": [
                9.0,
                -1.5,
                -3.499999523162842
            ]
        },
        {
            "name": "StaticObj_Tunnel_Biathlon_Right_anthoxanthum",
            "pos": [
                5277.52001953125,
                331.9778137207031,
                8619.7197265625
            ],
            "ypr": [
                -27.000001907348634,
                -3.999999761581421,
                -0.9999999403953552
            ]
        },
        {
            "name": "StaticObj_Tisy_Garages_Grass_L",
            "pos": [
                5328.85009765625,
                325.8932189941406,
                8588.23046875
            ],
            "ypr": [
                125.99999237060547,
                0.4999999701976776,
                2.499999761581421
            ]
        },
        {
            "name": "StaticObj_Mil_ReinforcedTank1_Grass",
            "pos": [
                5330.712890625,
                326.7334289550781,
                8590.7197265625
            ],
            "ypr": [
                0.0,
                -0.0,
                -0.0
            ]
        },
        {
            "name": "StaticObj_Mil_ReinforcedTank1_Grass",
            "pos": [
                5330.712890625,
                327.0562438964844,
                8590.7197265625
            ],
            "ypr": [
                0.0,
                -0.0,
                -0.0
            ]
        },
        {
            "name": "StaticObj_Tunnel_Biathlon_Left_elytrigia",
            "pos": [
                5336.35986328125,
                328.3307189941406,
                8578.51953125
            ],
            "ypr": [
                9.0,
                -1.5,
                -3.499999523162842
            ]
        },
        {
            "name": "StaticObj_Mil_ReinforcedTank2_Grass_Top",
            "pos": [
                5343.681640625,
                323.519287109375,
                8583.44140625
            ],
            "ypr": [
                0.0,
                -0.0,
                -0.0
            ]
        },
        {
            "name": "StaticObj_Tisy_Garages_Grass_L",
            "pos": [
                5156.18017578125,
                339.2753601074219,
                8611.3095703125
            ],
            "ypr": [
                -63.0,
                1.5,
                0.9999998211860657
            ]
        },
        {
            "name": "StaticObj_Tisy_Garages_Grass_R",
            "pos": [
                5132.580078125,
                339.8378601074219,
                8620.1201171875
            ],
            "ypr": [
                108.0,
                0.9999999403953552,
                -0.9999999403953552
            ]
        },
        {
            "name": "StaticObj_Tisy_Garages_Grass_R",
            "pos": [
                5132.580078125,
                339.9880065917969,
                8620.1201171875
            ],
            "ypr": [
                108.0,
                0.9999998211860657,
                -0.9999998211860657
            ]
        },
        {
            "name": "StaticObj_Mil_ReinforcedTank1_Grass",
            "pos": [
                5132.02001953125,
                340.4020080566406,
                8614.1103515625
            ],
            "ypr": [
                0.0,
                0.0,
                0.0
            ]
        },
        {
            "name": "StaticObj_Mil_ReinforcedTank1_Grass",
            "pos": [
                5132.02001953125,
                340.5496520996094,
                8614.1103515625
            ],
            "ypr": [
                0.0,
                0.0,
                0.0
            ]
        },
        {
            "name": "StaticObj_Tunnel_Biathlon_Right_elytrigia",
            "pos": [
                5127.83984375,
                343.1914367675781,
                8612.2802734375
            ],
            "ypr": [
                -27.0,
                -7.5,
                -2.499999761581421
            ]
        },
        {
            "name": "StaticObj_Tunnel_Biathlon_Right_elytrigia",
            "pos": [
                5127.83984375,
                343.2770080566406,
                8612.2802734375
            ],
            "ypr": [
                -27.0,
                -7.5,
                -2.499999761581421
            ]
        },
        {
            "name": "Land_House_1W06",
            "pos": [
                5232.54541015625,
                346.6675720214844,
                8571.921875
            ],
            "ypr": [
                89.99995422363281,
                -0.0,
                -0.0
            ]
        },
        {
            "name": "Land_House_1W05_Yellow",
            "pos": [
                5278.47021484375,
                342.42742919921877,
                8537.7109375
            ],
            "ypr": [
                98.97160339355469,
                0.0,
                -0.0
            ]
        },
        {
            "name": "Land_House_1W05",
            "pos": [
                5309.982421875,
                339.05633544921877,
                8545.9736328125
            ],
            "ypr": [
                35.99998474121094,
                -0.0,
                -0.0
            ]
        },
        {
            "name": "Land_House_1W10_Brown",
            "pos": [
                5307.56884765625,
                350.7156982421875,
                8402.4814453125
            ],
            "ypr": [
                53.999996185302737,
                -0.0,
                -0.0
            ]
        },
        {
            "name": "Land_House_2W01",
            "pos": [
                5330.45458984375,
                351.0335998535156,
                8407.7705078125
            ],
            "ypr": [
                18.0,
                -0.0,
                -0.0
            ]
        },
        {
            "name": "Land_House_2W02",
            "pos": [
                5333.736328125,
                353.03729248046877,
                8387.4755859375
            ],
            "ypr": [
                116.99980926513672,
                0.0,
                -0.0
            ]
        },
        {
            "name": "Land_Wreck_S1023_Blue",
            "pos": [
                5315.09423828125,
                349.5643005371094,
                8398.6943359375
            ],
            "ypr": [
                -62.99997329711914,
                0.0,
                0.0
            ]
        },
        {
            "name": "Land_Wreck_hb02_aban1_blue",
            "pos": [
                5337.404296875,
                348.42474365234377,
                8399.7412109375
            ],
            "ypr": [
                -116.99991607666016,
                0.0,
                -0.0
            ]
        },
        {
            "name": "Land_Shed_W1",
            "pos": [
                5287.5625,
                351.12542724609377,
                8411.806640625
            ],
            "ypr": [
                -72.00001525878906,
                0.0,
                0.0
            ]
        },
        {
            "name": "Land_Shed_W2",
            "pos": [
                5357.81005859375,
                347.21246337890627,
                8392.1826171875
            ],
            "ypr": [
                0.0,
                -0.0,
                -0.0
            ]
        },
        {
            "name": "Land_Misc_Polytunnel",
            "pos": [
                5293.365234375,
                350.33251953125,
                8420.35546875
            ],
            "ypr": [
                -116.99986267089844,
                0.0,
                -0.0
            ]
        },
        {
            "name": "Land_Misc_Polytunnel",
            "pos": [
                5298.04931640625,
                349.9496765136719,
                8422.8076171875
            ],
            "ypr": [
                -116.99986267089844,
                0.0,
                -0.0
            ]
        },
        {
            "name": "Land_Misc_Toilet_Dry",
            "pos": [
                5355.54736328125,
                349.1063232421875,
                8383.484375
            ],
            "ypr": [
                43.768924713134769,
                0.0,
                -0.0
            ]
        },
        {
            "name": "Land_Wreck_Ikarus",
            "pos": [
                5543.0400390625,
                335.1093444824219,
                8342.759765625
            ],
            "ypr": [
                -53.999996185302737,
                3.0,
                0.0
            ]
        },
        {
            "name": "Land_Wreck_hb02_aban1_black",
            "pos": [
                5534.91015625,
                335.0679931640625,
                8350.2099609375
            ],
            "ypr": [
                -53.999996185302737,
                3.0,
                0.0
            ]
        },
        {
            "name": "Land_Wreck_sed01_aban1_wine",
            "pos": [
                5515.2099609375,
                336.482421875,
                8361.5595703125
            ],
            "ypr": [
                -63.0,
                3.999999761581421,
                0.0
            ]
        },
        {
            "name": "Land_wreck_truck01_aban1_blue",
            "pos": [
                5498.17919921875,
                337.0669250488281,
                8388.3798828125
            ],
            "ypr": [
                -54.00002670288086,
                -4.499998092651367,
                0.9999991655349731
            ]
        },
        {
            "name": "StaticObj_Wreck_Bulldozer",
            "pos": [
                5483.484375,
                337.2125244140625,
                8413.2919921875
            ],
            "ypr": [
                -44.999916076660159,
                -4.499998092651367,
                0.9999991655349731
            ]
        },
        {
            "name": "StaticObj_Wreck_Digger",
            "pos": [
                5493.7998046875,
                339.43499755859377,
                8397.76953125
            ],
            "ypr": [
                -106.41500091552735,
                5.499999523162842,
                0.0
            ]
        },
        {
            "name": "CraterLong",
            "pos": [
                5488.0458984375,
                336.4460754394531,
                8407.1591796875
            ],
            "ypr": [
                -35.999969482421878,
                0.0,
                0.0
            ]
        },
        {
            "name": "CraterLong",
            "pos": [
                5489.4599609375,
                336.09326171875,
                8408.6201171875
            ],
            "ypr": [
                153.64797973632813,
                4.5,
                -4.999999046325684
            ]
        },
        {
            "name": "StaticObj_Misc_Coil",
            "pos": [
                5499.19140625,
                337.8414306640625,
                8380.8291015625
            ],
            "ypr": [
                0.0,
                -0.0,
                -0.0
            ]
        },
        {
            "name": "StaticObj_Misc_Coil",
            "pos": [
                5503.9921875,
                337.8089599609375,
                8380.818359375
            ],
            "ypr": [
                0.0,
                -0.0,
                -0.0
            ]
        },
        {
            "name": "StaticObj_Container_1C",
            "pos": [
                5507.169921875,
                338.0362243652344,
                8382.669921875
            ],
            "ypr": [
                -53.999996185302737,
                3.499999761581421,
                1.9999998807907105
            ]
        },
        {
            "name": "StaticObj_Lamp_Ind",
            "pos": [
                5501.09326171875,
                340.9146728515625,
                8379.56640625
            ],
            "ypr": [
                72.00001525878906,
                -0.0,
                -0.0
            ]
        },
        {
            "name": "StaticObj_Misc_ConcretePanels",
            "pos": [
                5507.427734375,
                337.00335693359377,
                8385.0986328125
            ],
            "ypr": [
                -53.99998474121094,
                0.0,
                0.0
            ]
        },
        {
            "name": "StaticObj_Misc_GContainer_Big",
            "pos": [
                5511.59716796875,
                336.83782958984377,
                8377.6083984375
            ],
            "ypr": [
                -128.82179260253907,
                0.0,
                0.0
            ]
        },
        {
            "name": "StaticObj_Misc_Pallets1",
            "pos": [
                5502.49658203125,
                337.2706604003906,
                8383.447265625
            ],
            "ypr": [
                -44.99999237060547,
                0.0,
                0.0
            ]
        },
        {
            "name": "StaticObj_Misc_Pallets3",
            "pos": [
                5506.3330078125,
                337.2214050292969,
                8376.68359375
            ],
            "ypr": [
                -9.0,
                0.0,
                0.0
            ]
        },
        {
            "name": "StaticObj_Misc_Pipes",
            "pos": [
                5482.04931640625,
                337.57952880859377,
                8376.140625
            ],
            "ypr": [
                9.0,
                -0.0,
                -0.0
            ]
        },
        {
            "name": "StaticObj_Misc_Pallets3",
            "pos": [
                5478.640625,
                337.79608154296877,
                8377.8642578125
            ],
            "ypr": [
                -9.0,
                0.0,
                0.0
            ]
        },
        {
            "name": "StaticObj_Misc_Through_Trailer",
            "pos": [
                5475.81201171875,
                337.540771484375,
                8377.5634765625
            ],
            "ypr": [
                89.99995422363281,
                -0.0,
                -0.0
            ]
        },
        {
            "name": "StaticObj_Misc_TirePile",
            "pos": [
                5494.51220703125,
                341.2768249511719,
                8391.7587890625
            ],
            "ypr": [
                0.0,
                -0.0,
                -0.0
            ]
        },
        {
            "name": "StaticObj_Misc_WoodPile_Forest3",
            "pos": [
                5462.86572265625,
                336.6977844238281,
                8402.7119140625
            ],
            "ypr": [
                161.9998321533203,
                0.0,
                -0.0
            ]
        },
        {
            "name": "StaticObj_Tunnel_Biathlon_Left_anthoxanthum",
            "pos": [
                5549.0400390625,
                328.734619140625,
                8334.7802734375
            ],
            "ypr": [
                -3.3249897956848146,
                -0.9999999403953552,
                -2.4999899864196779
            ]
        },
        {
            "name": "StaticObj_Tunnel_Biathlon_Left_elytrigia",
            "pos": [
                5465.4697265625,
                331.0548400878906,
                8412.7197265625
            ],
            "ypr": [
                32.67497253417969,
                -4.499998092651367,
                -6.999998092651367
            ]
        },
        {
            "name": "StaticObj_Tisy_Garages_Grass_R",
            "pos": [
                5465.18994140625,
                327.7130126953125,
                8424.509765625
            ],
            "ypr": [
                -18.0,
                -0.9999999403953552,
                -2.5
            ]
        },
        {
            "name": "StaticObj_Mil_ReinforcedTank1_Grass",
            "pos": [
                5477.14892578125,
                329.8585205078125,
                8399.0517578125
            ],
            "ypr": [
                0.0,
                -0.0,
                -0.0
            ]
        },
        {
            "name": "StaticObj_Tisy_Garages_Grass_R",
            "pos": [
                5512.419921875,
                328.6261291503906,
                8360.98046875
            ],
            "ypr": [
                -63.0,
                2.499999761581421,
                -1.9999998807907105
            ]
        },
        {
            "name": "StaticObj_Mil_ReinforcedTank1_Grass",
            "pos": [
                5529.71630859375,
                328.15863037109377,
                8355.5
            ],
            "ypr": [
                0.0,
                -0.0,
                -0.0
            ]
        },
        {
            "name": "StaticObj_Tisy_Garages_Grass_R",
            "pos": [
                5531.830078125,
                327.4481506347656,
                8348.990234375
            ],
            "ypr": [
                -53.999996185302737,
                3.0,
                -2.999999761581421
            ]
        },
        {
            "name": "StaticObj_Mil_ReinforcedTank1_Grass",
            "pos": [
                5535.03759765625,
                327.68731689453127,
                8352.0625
            ],
            "ypr": [
                0.0,
                -0.0,
                -0.0
            ]
        },
        {
            "name": "StaticObj_Mil_ReinforcedTank1_Grass",
            "pos": [
                5535.03759765625,
                327.95758056640627,
                8352.0625
            ],
            "ypr": [
                0.0,
                -0.0,
                -0.0
            ]
        },
        {
            "name": "StaticObj_Mil_ReinforcedTank1_Grass",
            "pos": [
                5535.03759765625,
                328.21783447265627,
                8352.0625
            ],
            "ypr": [
                152.72293090820313,
                -0.0,
                -0.0
            ]
        },
        {
            "name": "StaticObj_Mil_ReinforcedTank1_Grass",
            "pos": [
                5535.03759765625,
                328.40301513671877,
                8352.0625
            ],
            "ypr": [
                46.08561325073242,
                -0.0,
                -0.0
            ]
        }
    ]
}