{
	"Objects": [
{
              "name": "DZ\\plants\\tree\\t_salixalba_2sb.p3d",
              "pos": [
              3689.6252440000026,
              6.097714000000005,
              2446.306639999999
            ],
              "ypr": [
              0,
              0,
              0
              ],
              "scale": 1
          },
{
              "name": "DZ\\plants\\tree\\t_robiniapseudoacacia_2s.p3d",
              "pos": [
              3696.45459,
              7.1181870000000025,
              2509.897217
            ],
              "ypr": [
              0,
              0,
              0
              ],
              "scale": 1
          },
{
              "name": "DZ\\plants\\tree\\t_robiniapseudoacacia_2s.p3d",
              "pos": [
              3654.181641,
              6.3390410000000035,
              2450.531006
            ],
              "ypr": [
              0,
              0,
              0
              ],
              "scale": 1
          },
{
              "name": "DZ\\plants\\tree\\t_robiniapseudoacacia_2s.p3d",
              "pos": [
              3595.883545,
              6.612904000000004,
              2444.817139
            ],
              "ypr": [
              0,
              0,
              0
              ],
              "scale": 1
          },
{
              "name": "DZ\\plants\\tree\\t_robiniapseudoacacia_2s.p3d",
              "pos": [
              3533.538574,
              5.936265000000004,
              2448.790039
            ],
              "ypr": [
              0,
              0,
              0
              ],
              "scale": 1
          },
{
              "name": "DZ\\plants\\tree\\t_robiniapseudoacacia_2f.p3d",
              "pos": [
              3554.0625,
              6.471148999999986,
              2461.2294929999994
            ],
              "ypr": [
              0,
              0,
              0
              ],
              "scale": 1
          },
{
              "name": "DZ\\plants\\tree\\t_robiniapseudoacacia_2f.p3d",
              "pos": [
              3583.004639,
              6.032708999999988,
              2417.7622069999993
            ],
              "ypr": [
              0,
              0,
              0
              ],
              "scale": 1
          },
{
              "name": "DZ\\plants\\tree\\t_quercusrobur_3sb.p3d",
              "pos": [
              3522.560301999998,
              5.660631999999991,
              2421.4829099999997
            ],
              "ypr": [
              0,
              0,
              0
              ],
              "scale": 1
          },
{
              "name": "DZ\\plants\\tree\\t_quercusrobur_3sb.p3d",
              "pos": [
              3543.239989999998,
              7.605786999999989,
              2486.22705
            ],
              "ypr": [
              0,
              0,
              0
              ],
              "scale": 1
          },
{
              "name": "DZ\\plants\\tree\\t_quercusrobur_3sb.p3d",
              "pos": [
              3653.422850999998,
              7.10189299999999,
              2490.30957
            ],
              "ypr": [
              0,
              0,
              0
              ],
              "scale": 1
          },
{
              "name": "DZ\\plants\\tree\\t_quercusrobur_3s.p3d",
              "pos": [
              3626.7724609999973,
              6.922733000000008,
              2462.398193
            ],
              "ypr": [
              0,
              0,
              0
              ],
              "scale": 1
          },
{
              "name": "DZ\\plants\\tree\\t_quercusrobur_2sc.p3d",
              "pos": [
              3675.355223999998,
              6.820203999999993,
              2472.17627
            ],
              "ypr": [
              0,
              0,
              0
              ],
              "scale": 1
          },
{
              "name": "DZ\\plants\\tree\\t_prunusdomestica_2s.p3d",
              "pos": [
              3697.8659660000026,
              6.674736999999988,
              2497.9545910000006
            ],
              "ypr": [
              0,
              0,
              0
              ],
              "scale": 1
          },
{
              "name": "DZ\\plants\\tree\\t_pyruscommunis_2s.p3d",
              "pos": [
              3695.7983390000018,
              6.69528899999999,
              2478.4353020000012
            ],
              "ypr": [
              0,
              0,
              0
              ],
              "scale": 1
          },
{
              "name": "DZ\\plants\\tree\\t_populusalba_2s.p3d",
              "pos": [
              3702.0729979999974,
              6.650062000000007,
              2479.032959
            ],
              "ypr": [
              0,
              0,
              0
              ],
              "scale": 1
          },
{
              "name": "DZ\\plants\\tree\\t_malusdomestica_2s.p3d",
              "pos": [
              3632.754639,
              6.929996999999995,
              2477.1008309999993
            ],
              "ypr": [
              0,
              0,
              0
              ],
              "scale": 1
          },
{
              "name": "DZ\\plants\\tree\\t_fraxinusexcelsior_3s.p3d",
              "pos": [
              3650.502198,
              6.921513999999991,
              2467.5529779999997
            ],
              "ypr": [
              0,
              0,
              0
              ],
              "scale": 1
          },
{
              "name": "DZ\\plants\\tree\\t_fraxinusexcelsior_3s.p3d",
              "pos": [
              3546.4270020000004,
              6.182429999999989,
              2459.727539
            ],
              "ypr": [
              0,
              0,
              0
              ],
              "scale": 1
          },
{
              "name": "DZ\\plants\\tree\\t_fraxinusexcelsior_3s.p3d",
              "pos": [
              3553.643799,
              6.197266999999989,
              2436.8266599999997
            ],
              "ypr": [
              0,
              0,
              0
              ],
              "scale": 1
          },
{
              "name": "DZ\\plants\\tree\\t_fraxinusexcelsior_3s.p3d",
              "pos": [
              3574.1582040000003,
              7.985552999999992,
              2491.564208
            ],
              "ypr": [
              0,
              0,
              0
              ],
              "scale": 1
          },
{
              "name": "DZ\\plants\\tree\\t_fraxinusexcelsior_3s.p3d",
              "pos": [
              3592.306641,
              9.56908799999999,
              2539.009765
            ],
              "ypr": [
              0,
              0,
              0
              ],
              "scale": 1
          },
{
              "name": "DZ\\plants\\tree\\t_fraxinusexcelsior_3s.p3d",
              "pos": [
              3641.138672,
              8.674800999999992,
              2536.178222
            ],
              "ypr": [
              0,
              0,
              0
              ],
              "scale": 1
          },
{
              "name": "DZ\\plants\\tree\\t_fraxinusexcelsior_2f.p3d",
              "pos": [
              3577.0461429999973,
              10.107532000000003,
              2541.216552
            ],
              "ypr": [
              0,
              0,
              0
              ],
              "scale": 1
          },
{
              "name": "DZ\\plants\\tree\\t_fraxinusexcelsior_2f.p3d",
              "pos": [
              3587.5996099999975,
              8.858862000000002,
              2514.642333
            ],
              "ypr": [
              0,
              0,
              0
              ],
              "scale": 1
          },
{
              "name": "DZ\\plants\\tree\\t_fraxinusexcelsior_2f.p3d",
              "pos": [
              3620.1113289999976,
              8.817482000000002,
              2519.203369
            ],
              "ypr": [
              0,
              0,
              0
              ],
              "scale": 1
          },
{
              "name": "DZ\\plants\\tree\\t_fraxinusexcelsior_2f.p3d",
              "pos": [
              3708.1499029999973,
              6.147405000000003,
              2459.1198729999996
            ],
              "ypr": [
              0,
              0,
              0
              ],
              "scale": 1
          },
{
              "name": "DZ\\plants\\tree\\t_fraxinusexcelsior_2f.p3d",
              "pos": [
              3641.4104009999974,
              5.999994000000003,
              2395.8872069999998
            ],
              "ypr": [
              0,
              0,
              0
              ],
              "scale": 1
          },
{
              "name": "DZ\\plants\\tree\\t_fraxinusexcelsior_2f.p3d",
              "pos": [
              3655.2546389999975,
              5.999994000000003,
              2410.23999
            ],
              "ypr": [
              0,
              0,
              0
              ],
              "scale": 1
          },
{
              "name": "DZ\\plants\\tree\\t_fagussylvatica_3s.p3d",
              "pos": [
              3656.062499999998,
              6.02175200000001,
              2421.9897459999997
            ],
              "ypr": [
              0,
              0,
              0
              ],
              "scale": 1
          },
{
              "name": "DZ\\plants\\tree\\t_fagussylvatica_3s.p3d",
              "pos": [
              3619.7773439999983,
              6.514317000000009,
              2447.2622069999998
            ],
              "ypr": [
              0,
              0,
              0
              ],
              "scale": 1
          },
{
              "name": "DZ\\plants\\tree\\t_fagussylvatica_3s.p3d",
              "pos": [
              3607.3386229999983,
              6.305168000000009,
              2419.5917969999996
            ],
              "ypr": [
              0,
              0,
              0
              ],
              "scale": 1
          },
{
              "name": "DZ\\plants\\tree\\t_fagussylvatica_3s.p3d",
              "pos": [
              3563.975096999998,
              6.42081300000001,
              2467.126465
            ],
              "ypr": [
              0,
              0,
              0
              ],
              "scale": 1
          },
{
              "name": "DZ\\plants\\tree\\t_fagussylvatica_3s.p3d",
              "pos": [
              3587.6643059999983,
              6.702448000000011,
              2462.0607909999994
            ],
              "ypr": [
              0,
              0,
              0
              ],
              "scale": 1
          },
{
              "name": "DZ\\plants\\tree\\t_fagussylvatica_2s.p3d",
              "pos": [
              3613.1201170000027,
              6.89663899999999,
              2471.380615999999
            ],
              "ypr": [
              0,
              0,
              0
              ],
              "scale": 1
          },
{
              "name": "DZ\\plants\\tree\\t_betulapendula_2w.p3d",
              "pos": [
              3608.5981440000014,
              6.85303400000001,
              2456.493408000001
            ],
              "ypr": [
              0,
              0,
              0
              ],
              "scale": 1
          },
{
              "name": "DZ\\plants\\tree\\t_prunusdomestica_2s.p3d",
              "pos": [
              3615.5290520000026,
              6.890372999999988,
              2459.3029790000005
            ],
              "ypr": [
              0,
              0,
              0
              ],
              "scale": 1
          },
{
              "name": "DZ\\plants\\tree\\t_pyruscommunis_2s.p3d",
              "pos": [
              3603.1845700000017,
              6.838008999999989,
              2468.0520020000013
            ],
              "ypr": [
              0,
              0,
              0
              ],
              "scale": 1
          },
{
              "name": "DZ\\plants\\tree\\t_pyruscommunis_3s.p3d",
              "pos": [
              3599.406738,
              6.785667000000011,
              2453.2346199999993
            ],
              "ypr": [
              0,
              0,
              0
              ],
              "scale": 1
          },
{
              "name": "DZ\\plants\\tree\\t_pyruscommunis_3sb.p3d",
              "pos": [
              3647.285155999997,
              8.101660999999996,
              2511.482910000001
            ],
              "ypr": [
              0,
              0,
              0
              ],
              "scale": 1
          },
{
              "name": "DZ\\plants\\tree\\t_robiniapseudoacacia_3f.p3d",
              "pos": [
              3637.05249,
              8.518922000000025,
              2515.387939999999
            ],
              "ypr": [
              0,
              0,
              0
              ],
              "scale": 1
          },
{
              "name": "DZ\\plants\\tree\\t_robiniapseudoacacia_3f.p3d",
              "pos": [
              3626.781494,
              6.928069000000026,
              2475.765624999999
            ],
              "ypr": [
              0,
              0,
              0
              ],
              "scale": 1
          },
{
              "name": "DZ\\plants\\tree\\t_robiniapseudoacacia_2f.p3d",
              "pos": [
              3642.464844,
              6.926835999999987,
              2479.5895999999993
            ],
              "ypr": [
              0,
              0,
              0
              ],
              "scale": 1
          },
{
              "name": "DZ\\plants\\tree\\t_salixalba_2sb.p3d",
              "pos": [
              3669.490967000003,
              6.927168000000005,
              2487.937743999999
            ],
              "ypr": [
              0,
              0,
              0
              ],
              "scale": 1
          },
{
              "name": "DZ\\plants\\tree\\t_robiniapseudoacacia_1f.p3d",
              "pos": [
              3687.144288,
              6.75110000000001,
              2479.012451999999
            ],
              "ypr": [
              0,
              0,
              0
              ],
              "scale": 1
          },
{
              "name": "DZ\\plants\\tree\\t_robiniapseudoacacia_1f.p3d",
              "pos": [
              3683.0495610000003,
              6.77420200000001,
              2478.064941999999
            ],
              "ypr": [
              0,
              0,
              0
              ],
              "scale": 1
          },
{
              "name": "DZ\\plants\\tree\\t_pyruscommunis_3s.p3d",
              "pos": [
              3685.060547,
              6.762045000000011,
              2479.245361999999
            ],
              "ypr": [
              0,
              0,
              0
              ],
              "scale": 1
          },
{
              "name": "DZ\\plants\\tree\\t_populusalba_2s.p3d",
              "pos": [
              3690.803954999997,
              6.729351000000008,
              2481.226563
            ],
              "ypr": [
              0,
              0,
              0
              ],
              "scale": 1
          },
{
              "name": "DZ\\plants\\tree\\t_populusalba_2s.p3d",
              "pos": [
              3648.6066899999973,
              6.084856000000007,
              2427.83374
            ],
              "ypr": [
              0,
              0,
              0
              ],
              "scale": 1
          },
{
              "name": "DZ\\plants\\tree\\t_populusalba_2s.p3d",
              "pos": [
              3710.892089999997,
              6.539400000000008,
              2497.095947
            ],
              "ypr": [
              0,
              0,
              0
              ],
              "scale": 1
          },
{
              "name": "DZ\\plants\\tree\\t_populusalba_1f.p3d",
              "pos": [
              3734.3625480000023,
              6.342831999999991,
              2483.2480470000005
            ],
              "ypr": [
              0,
              0,
              0
              ],
              "scale": 1
          },
{
              "name": "DZ\\plants\\tree\\t_populusalba_3s.p3d",
              "pos": [
              3729.440674,
              6.374599999999994,
              2483.2014150000014
            ],
              "ypr": [
              0,
              0,
              0
              ],
              "scale": 1
          },
{
              "name": "DZ\\plants\\tree\\t_populusalba_3s.p3d",
              "pos": [
              3735.605469,
              6.336056999999993,
              2496.144287000001
            ],
              "ypr": [
              0,
              0,
              0
              ],
              "scale": 1
          },
{
              "name": "DZ\\plants\\tree\\t_prunusdomestica_2s.p3d",
              "pos": [
              3742.5895990000026,
              6.309880999999988,
              2483.6047370000006
            ],
              "ypr": [
              0,
              0,
              0
              ],
              "scale": 1
          },
{
              "name": "DZ\\plants\\tree\\t_pyruscommunis_3s.p3d",
              "pos": [
              3744.658447,
              6.29508400000001,
              2499.144286999999
            ],
              "ypr": [
              0,
              0,
              0
              ],
              "scale": 1
          },
{
              "name": "DZ\\plants\\tree\\t_quercusrobur_3sb.p3d",
              "pos": [
              3702.9418939999982,
              6.61821999999999,
              2483.336425
            ],
              "ypr": [
              0,
              0,
              0
              ],
              "scale": 1
          },
{
              "name": "DZ\\plants\\tree\\t_quercusrobur_3sb.p3d",
              "pos": [
              3715.607176999998,
              6.598117999999991,
              2500.17163
            ],
              "ypr": [
              0,
              0,
              0
              ],
              "scale": 1
          },
{
              "name": "DZ\\plants\\tree\\t_quercusrobur_3sb.p3d",
              "pos": [
              3484.647216999998,
              5.561298999999989,
              2410.457519
            ],
              "ypr": [
              0,
              0,
              0
              ],
              "scale": 1
          },
{
              "name": "DZ\\plants\\tree\\t_quercusrobur_3sb.p3d",
              "pos": [
              3448.766600999998,
              5.9798199999999895,
              2417.400146
            ],
              "ypr": [
              0,
              0,
              0
              ],
              "scale": 1
          },
{
              "name": "DZ\\plants\\tree\\t_quercusrobur_3sb.p3d",
              "pos": [
              3534.569579999998,
              5.83158899999999,
              2390.099365
            ],
              "ypr": [
              0,
              0,
              0
              ],
              "scale": 1
          },
{
              "name": "DZ\\plants\\tree\\t_quercusrobur_3s.p3d",
              "pos": [
              3529.771972999997,
              5.690710000000006,
              2404.178223
            ],
              "ypr": [
              0,
              0,
              0
              ],
              "scale": 1
          },
{
              "name": "DZ\\plants\\tree\\t_quercusrobur_3s.p3d",
              "pos": [
              3518.8708499999975,
              5.663551000000009,
              2397.924072
            ],
              "ypr": [
              0,
              0,
              0
              ],
              "scale": 1
          },
{
              "name": "DZ\\plants\\tree\\t_quercusrobur_3s.p3d",
              "pos": [
              3578.5493169999972,
              5.993614000000008,
              2387.410645
            ],
              "ypr": [
              0,
              0,
              0
              ],
              "scale": 1
          },
{
              "name": "DZ\\plants\\tree\\t_quercusrobur_3fb.p3d",
              "pos": [
              3564.35962,
              5.89603000000001,
              2405.7849119999996
            ],
              "ypr": [
              0,
              0,
              0
              ],
              "scale": 1
          },
{
              "name": "DZ\\plants\\tree\\t_robiniapseudoacacia_1f.p3d",
              "pos": [
              3562.5043950000004,
              6.000002000000009,
              2379.272949999999
            ],
              "ypr": [
              0,
              0,
              0
              ],
              "scale": 1
          },
{
              "name": "DZ\\plants\\tree\\t_robiniapseudoacacia_2f.p3d",
              "pos": [
              3569.101563,
              5.952542999999988,
              2395.506103999999
            ],
              "ypr": [
              0,
              0,
              0
              ],
              "scale": 1
          },
{
              "name": "DZ\\plants\\tree\\t_robiniapseudoacacia_2f.p3d",
              "pos": [
              3555.520752,
              5.946507999999987,
              2389.826660999999
            ],
              "ypr": [
              0,
              0,
              0
              ],
              "scale": 1
          },
{
              "name": "DZ\\plants\\tree\\t_robiniapseudoacacia_2f.p3d",
              "pos": [
              3505.663818,
              8.093884999999986,
              2495.012939999999
            ],
              "ypr": [
              0,
              0,
              0
              ],
              "scale": 1
          },
{
              "name": "DZ\\plants\\tree\\t_robiniapseudoacacia_2f.p3d",
              "pos": [
              3533.848877,
              11.835722999999987,
              2549.718017999999
            ],
              "ypr": [
              0,
              0,
              0
              ],
              "scale": 1
          },
{
              "name": "DZ\\plants\\tree\\t_robiniapseudoacacia_2f.p3d",
              "pos": [
              3556.812744,
              10.865899999999986,
              2534.5612799999994
            ],
              "ypr": [
              0,
              0,
              0
              ],
              "scale": 1
          },
{
              "name": "DZ\\plants\\tree\\t_robiniapseudoacacia_2f.p3d",
              "pos": [
              3760.743164,
              6.293751999999987,
              2493.3664549999994
            ],
              "ypr": [
              0,
              0,
              0
              ],
              "scale": 1
          },
{
              "name": "DZ\\plants\\tree\\t_robiniapseudoacacia_2f.p3d",
              "pos": [
              3785.825928,
              6.750985999999987,
              2541.1372069999993
            ],
              "ypr": [
              0,
              0,
              0
              ],
              "scale": 1
          },
{
              "name": "DZ\\plants\\tree\\t_robiniapseudoacacia_2s.p3d",
              "pos": [
              3778.653076,
              6.402536000000005,
              2510.70044
            ],
              "ypr": [
              0,
              0,
              0
              ],
              "scale": 1
          },
{
              "name": "DZ\\plants\\tree\\t_robiniapseudoacacia_2s.p3d",
              "pos": [
              3500.521973,
              5.526316000000003,
              2433.121338
            ],
              "ypr": [
              0,
              0,
              0
              ],
              "scale": 1
          },
{
              "name": "DZ\\plants\\clutter\\c_elytrigia_green.p3d",
              "pos": [
              3743.604004000001,
              6.298547000000008,
              2496.897460999999
            ],
              "ypr": [
              0,
              0,
              0
              ],
              "scale": 1
          },
{
              "name": "DZ\\plants\\clutter\\c_elytrigia_green.p3d",
              "pos": [
              3743.284912000001,
              6.300634000000008,
              2495.489012999999
            ],
              "ypr": [
              0,
              0,
              0
              ],
              "scale": 1
          },
{
              "name": "DZ\\plants\\clutter\\c_elytrigia_green.p3d",
              "pos": [
              3749.0944830000008,
              6.292452000000008,
              2488.564940999999
            ],
              "ypr": [
              0,
              0,
              0
              ],
              "scale": 1
          },
{
              "name": "DZ\\plants\\clutter\\c_elytrigia_green.p3d",
              "pos": [
              3749.5551760000008,
              6.291224000000008,
              2489.545897999999
            ],
              "ypr": [
              0,
              0,
              0
              ],
              "scale": 1
          },
{
              "name": "DZ\\plants\\clutter\\c_elytrigia_green.p3d",
              "pos": [
              3749.908447000001,
              6.290141000000008,
              2490.7668449999987
            ],
              "ypr": [
              0,
              0,
              0
              ],
              "scale": 1
          },
{
              "name": "DZ\\plants\\clutter\\c_elytrigia_green.p3d",
              "pos": [
              3748.552979000001,
              6.292967000000008,
              2490.702391999999
            ],
              "ypr": [
              0,
              0,
              0
              ],
              "scale": 1
          },
{
              "name": "DZ\\plants\\clutter\\c_elytrigia_green.p3d",
              "pos": [
              3744.4782720000007,
              6.304762000000008,
              2486.842040999999
            ],
              "ypr": [
              0,
              0,
              0
              ],
              "scale": 1
          },
{
              "name": "DZ\\plants\\clutter\\c_elytrigia_green.p3d",
              "pos": [
              3712.482422000001,
              6.520351000000008,
              2485.881346999999
            ],
              "ypr": [
              0,
              0,
              0
              ],
              "scale": 1
          },
{
              "name": "DZ\\plants\\clutter\\c_elytrigia_green.p3d",
              "pos": [
              3712.455811000001,
              6.520635000000008,
              2486.816161999999
            ],
              "ypr": [
              0,
              0,
              0
              ],
              "scale": 1
          },
{
              "name": "DZ\\plants\\clutter\\c_elytrigia_green.p3d",
              "pos": [
              3714.1970220000007,
              6.504300000000008,
              2487.033690999999
            ],
              "ypr": [
              0,
              0,
              0
              ],
              "scale": 1
          },
{
              "name": "DZ\\plants\\clutter\\c_elytrigia_green.p3d",
              "pos": [
              3717.320557000001,
              6.477857000000008,
              2494.733885999999
            ],
              "ypr": [
              0,
              0,
              0
              ],
              "scale": 1
          },
{
              "name": "DZ\\plants\\clutter\\c_elytrigia_green.p3d",
              "pos": [
              3718.339111000001,
              6.4679270000000075,
              2493.397460999999
            ],
              "ypr": [
              0,
              0,
              0
              ],
              "scale": 1
          },
{
              "name": "DZ\\plants\\clutter\\c_elytrigia_green.p3d",
              "pos": [
              3719.442627000001,
              6.457236000000008,
              2491.999266999999
            ],
              "ypr": [
              0,
              0,
              0
              ],
              "scale": 1
          },
{
              "name": "DZ\\plants\\clutter\\c_elytrigia_green.p3d",
              "pos": [
              3716.076416000001,
              6.486760000000008,
              2492.644286999999
            ],
              "ypr": [
              0,
              0,
              0
              ],
              "scale": 1
          },
{
              "name": "DZ\\plants\\clutter\\c_elytrigia_green.p3d",
              "pos": [
              3676.150391000001,
              6.813941000000008,
              2477.653319999999
            ],
              "ypr": [
              0,
              0,
              0
              ],
              "scale": 1
          },
{
              "name": "DZ\\plants\\clutter\\c_elytrigia_green.p3d",
              "pos": [
              3675.819092000001,
              6.815709000000008,
              2478.5405269999987
            ],
              "ypr": [
              0,
              0,
              0
              ],
              "scale": 1
          },
{
              "name": "DZ\\plants\\clutter\\c_elytrigia_green.p3d",
              "pos": [
              3677.070068000001,
              6.809037000000008,
              2479.616454999999
            ],
              "ypr": [
              0,
              0,
              0
              ],
              "scale": 1
          },
{
              "name": "DZ\\plants\\clutter\\c_elytrigia_green.p3d",
              "pos": [
              3676.658692000001,
              6.811059000000008,
              2480.991210999999
            ],
              "ypr": [
              0,
              0,
              0
              ],
              "scale": 1
          },
{
              "name": "DZ\\plants\\clutter\\c_elytrigia_green.p3d",
              "pos": [
              3649.491943000001,
              6.924030000000008,
              2469.004881999999
            ],
              "ypr": [
              0,
              0,
              0
              ],
              "scale": 1
          },
{
              "name": "DZ\\plants\\clutter\\c_elytrigia_green.p3d",
              "pos": [
              3651.0090330000007,
              6.919567000000008,
              2469.926268999999
            ],
              "ypr": [
              0,
              0,
              0
              ],
              "scale": 1
          },
{
              "name": "DZ\\plants\\clutter\\c_elytrigia_green.p3d",
              "pos": [
              3650.5627440000007,
              6.917492000000008,
              2471.373778999999
            ],
              "ypr": [
              0,
              0,
              0
              ],
              "scale": 1
          },
{
              "name": "DZ\\plants\\clutter\\c_elytrigia_green.p3d",
              "pos": [
              3650.6257330000008,
              6.913620000000008,
              2472.731200999999
            ],
              "ypr": [
              0,
              0,
              0
              ],
              "scale": 1
          },
{
              "name": "DZ\\plants\\clutter\\c_elytrigia_green.p3d",
              "pos": [
              3649.067871000001,
              6.919085000000008,
              2473.019042999999
            ],
              "ypr": [
              0,
              0,
              0
              ],
              "scale": 1
          },
{
              "name": "DZ\\plants\\clutter\\c_elytrigia_green.p3d",
              "pos": [
              3651.924317000001,
              6.912568000000008,
              2471.177977999999
            ],
              "ypr": [
              0,
              0,
              0
              ],
              "scale": 1
          },
{
              "name": "DZ\\plants\\clutter\\c_elytrigia_green.p3d",
              "pos": [
              3648.655518000001,
              6.921955000000008,
              2480.320067999999
            ],
              "ypr": [
              0,
              0,
              0
              ],
              "scale": 1
          },
{
              "name": "DZ\\plants\\clutter\\c_elytrigia_green.p3d",
              "pos": [
              3650.666992000001,
              6.924725000000008,
              2479.325438999999
            ],
              "ypr": [
              0,
              0,
              0
              ],
              "scale": 1
          },
{
              "name": "DZ\\plants\\clutter\\c_elytrigia_green.p3d",
              "pos": [
              3649.538086000001,
              6.912860000000008,
              2478.594725999999
            ],
              "ypr": [
              0,
              0,
              0
              ],
              "scale": 1
          },
{
              "name": "DZ\\plants\\clutter\\c_elytrigia_green.p3d",
              "pos": [
              3650.698975000001,
              6.909455000000008,
              2477.395262999999
            ],
              "ypr": [
              0,
              0,
              0
              ],
              "scale": 1
          },
{
              "name": "DZ\\plants\\clutter\\c_elytrigia_green.p3d",
              "pos": [
              3651.4001470000007,
              6.919703000000008,
              2478.208983999999
            ],
              "ypr": [
              0,
              0,
              0
              ],
              "scale": 1
          },
{
              "name": "DZ\\plants\\clutter\\c_elytrigia_green.p3d",
              "pos": [
              3649.851807000001,
              6.910049000000008,
              2475.456542999999
            ],
              "ypr": [
              0,
              0,
              0
              ],
              "scale": 1
          },
{
              "name": "DZ\\plants\\clutter\\c_elytrigia_green.p3d",
              "pos": [
              3620.940674000001,
              6.915808000000008,
              2470.760253999999
            ],
              "ypr": [
              0,
              0,
              0
              ],
              "scale": 1
          },
{
              "name": "DZ\\plants\\clutter\\c_elytrigia_green.p3d",
              "pos": [
              3623.009766000001,
              6.920663000000008,
              2472.405028999999
            ],
              "ypr": [
              0,
              0,
              0
              ],
              "scale": 1
          },
{
              "name": "DZ\\plants\\clutter\\c_elytrigia_green.p3d",
              "pos": [
              3627.543945000001,
              6.926708000000008,
              2463.714842999999
            ],
              "ypr": [
              0,
              0,
              0
              ],
              "scale": 1
          },
{
              "name": "DZ\\plants\\clutter\\c_elytrigia_green.p3d",
              "pos": [
              3626.203125000001,
              6.924755000000008,
              2463.691649999999
            ],
              "ypr": [
              0,
              0,
              0
              ],
              "scale": 1
          },
{
              "name": "DZ\\plants\\clutter\\c_elytrigia_green.p3d",
              "pos": [
              3627.395020000001,
              6.926510000000008,
              2465.407225999999
            ],
              "ypr": [
              0,
              0,
              0
              ],
              "scale": 1
          },
{
              "name": "DZ\\plants\\clutter\\c_elytrigia_green.p3d",
              "pos": [
              3588.111572000001,
              6.711258000000008,
              2460.586913999999
            ],
              "ypr": [
              0,
              0,
              0
              ],
              "scale": 1
          },
{
              "name": "DZ\\plants\\clutter\\c_elytrigia_green.p3d",
              "pos": [
              3588.973145000001,
              6.722366000000008,
              2461.353270999999
            ],
              "ypr": [
              0,
              0,
              0
              ],
              "scale": 1
          },
{
              "name": "DZ\\plants\\clutter\\c_elytrigia_green.p3d",
              "pos": [
              3590.450195000001,
              6.730530000000008,
              2459.919432999999
            ],
              "ypr": [
              0,
              0,
              0
              ],
              "scale": 1
          },
{
              "name": "DZ\\plants\\clutter\\c_elytrigia_green.p3d",
              "pos": [
              3598.803711000001,
              6.785261000000008,
              2454.3530269999987
            ],
              "ypr": [
              0,
              0,
              0
              ],
              "scale": 1
          },
{
              "name": "DZ\\plants\\clutter\\c_elytrigia_green.p3d",
              "pos": [
              3598.3920900000007,
              6.785304000000008,
              2455.604003999999
            ],
              "ypr": [
              0,
              0,
              0
              ],
              "scale": 1
          },
{
              "name": "DZ\\plants\\clutter\\c_elytrigia_green.p3d",
              "pos": [
              3554.859375000001,
              6.199147000000008,
              2435.924559999999
            ],
              "ypr": [
              0,
              0,
              0
              ],
              "scale": 1
          },
{
              "name": "DZ\\plants\\clutter\\c_elytrigia_green.p3d",
              "pos": [
              3555.628662000001,
              6.2204560000000075,
              2437.7673339999988
            ],
              "ypr": [
              0,
              0,
              0
              ],
              "scale": 1
          },
{
              "name": "DZ\\plants\\clutter\\c_elytrigia_green.p3d",
              "pos": [
              3553.845459000001,
              6.199244000000008,
              2438.9848629999988
            ],
              "ypr": [
              0,
              0,
              0
              ],
              "scale": 1
          },
{
              "name": "DZ\\plants\\clutter\\c_elytrigia_green.p3d",
              "pos": [
              3553.051514000001,
              6.192080000000008,
              2440.023436999999
            ],
              "ypr": [
              0,
              0,
              0
              ],
              "scale": 1
          },
{
              "name": "DZ\\plants\\clutter\\c_elytrigia_green.p3d",
              "pos": [
              3551.0402830000007,
              6.164296000000008,
              2440.847411999999
            ],
              "ypr": [
              0,
              0,
              0
              ],
              "scale": 1
          },
{
              "name": "DZ\\plants\\clutter\\c_elytrigia_green.p3d",
              "pos": [
              3553.081543000001,
              6.198595000000008,
              2441.155028999999
            ],
              "ypr": [
              0,
              0,
              0
              ],
              "scale": 1
          },
{
              "name": "DZ\\plants\\clutter\\c_elytrigia_green.p3d",
              "pos": [
              3554.877197000001,
              6.224641000000008,
              2440.651366999999
            ],
              "ypr": [
              0,
              0,
              0
              ],
              "scale": 1
          },
{
              "name": "DZ\\plants\\clutter\\c_elytrigia_green.p3d",
              "pos": [
              3551.8752440000007,
              6.218184000000008,
              2448.446532999999
            ],
              "ypr": [
              0,
              0,
              0
              ],
              "scale": 1
          },
{
              "name": "DZ\\plants\\clutter\\c_elytrigia_green.p3d",
              "pos": [
              3552.905274000001,
              6.239805000000008,
              2449.410643999999
            ],
              "ypr": [
              0,
              0,
              0
              ],
              "scale": 1
          },
{
              "name": "DZ\\plants\\clutter\\c_elytrigia_green.p3d",
              "pos": [
              3553.761719000001,
              6.248051000000008,
              2448.387206999999
            ],
              "ypr": [
              0,
              0,
              0
              ],
              "scale": 1
          },
{
              "name": "DZ\\plants\\clutter\\c_elytrigia_green.p3d",
              "pos": [
              3553.069092000001,
              6.231380000000008,
              2447.339110999999
            ],
              "ypr": [
              0,
              0,
              0
              ],
              "scale": 1
          },
{
              "name": "DZ\\plants\\clutter\\c_elytrigia_green.p3d",
              "pos": [
              3554.139893000001,
              6.244946000000008,
              2446.670897999999
            ],
              "ypr": [
              0,
              0,
              0
              ],
              "scale": 1
          },
{
              "name": "DZ\\plants\\clutter\\c_elytrigia_green.p3d",
              "pos": [
              3517.380127000001,
              5.620202000000008,
              2426.726561999999
            ],
              "ypr": [
              0,
              0,
              0
              ],
              "scale": 1
          },
{
              "name": "DZ\\plants\\clutter\\c_elytrigia_green.p3d",
              "pos": [
              3518.291992000001,
              5.6306710000000075,
              2427.135985999999
            ],
              "ypr": [
              0,
              0,
              0
              ],
              "scale": 1
          },
{
              "name": "DZ\\plants\\clutter\\c_elytrigia_green.p3d",
              "pos": [
              3518.041748000001,
              5.631638000000008,
              2428.499266999999
            ],
              "ypr": [
              0,
              0,
              0
              ],
              "scale": 1
          },
{
              "name": "DZ\\plants\\clutter\\c_elytrigia_green.p3d",
              "pos": [
              3516.880371000001,
              5.621480000000008,
              2428.705565999999
            ],
              "ypr": [
              0,
              0,
              0
              ],
              "scale": 1
          },
{
              "name": "DZ\\plants\\clutter\\c_elytrigia_green.p3d",
              "pos": [
              3515.965820000001,
              5.616715000000008,
              2429.662108999999
            ],
              "ypr": [
              0,
              0,
              0
              ],
              "scale": 1
          },
{
              "name": "DZ\\plants\\clutter\\c_elytrigia_green.p3d",
              "pos": [
              3512.858154000001,
              5.609026000000008,
              2435.620116999999
            ],
              "ypr": [
              0,
              0,
              0
              ],
              "scale": 1
          },
{
              "name": "DZ\\plants\\clutter\\c_elytrigia_green.p3d",
              "pos": [
              3514.9602050000008,
              5.628042000000008,
              2435.4692379999988
            ],
              "ypr": [
              0,
              0,
              0
              ],
              "scale": 1
          },
{
              "name": "DZ\\plants\\clutter\\c_elytrigia_green.p3d",
              "pos": [
              3515.345703000001,
              5.635505000000008,
              2436.435546999999
            ],
              "ypr": [
              0,
              0,
              0
              ],
              "scale": 1
          },
{
              "name": "DZ\\plants\\clutter\\c_elytrigia_green.p3d",
              "pos": [
              3517.279541000001,
              5.6532540000000076,
              2436.360106999999
            ],
              "ypr": [
              0,
              0,
              0
              ],
              "scale": 1
          },
{
              "name": "DZ\\plants\\clutter\\c_elytrigia_green.p3d",
              "pos": [
              3519.166992000001,
              5.675891000000008,
              2436.511473999999
            ],
              "ypr": [
              0,
              0,
              0
              ],
              "scale": 1
          },
{
              "name": "DZ\\plants\\clutter\\c_elytrigia_green.p3d",
              "pos": [
              3516.2976080000008,
              5.640674000000008,
              2435.506835999999
            ],
              "ypr": [
              0,
              0,
              0
              ],
              "scale": 1
          },
{
              "name": "DZ\\plants\\clutter\\c_elytrigia_green.p3d",
              "pos": [
              3518.276611000001,
              5.660588000000008,
              2435.356688999999
            ],
              "ypr": [
              0,
              0,
              0
              ],
              "scale": 1
          },
{
              "name": "DZ\\plants\\clutter\\c_elytrigia_green.p3d",
              "pos": [
              3518.209473000001,
              5.669773000000008,
              2437.854247999999
            ],
              "ypr": [
              0,
              0,
              0
              ],
              "scale": 1
          },
{
              "name": "DZ\\plants\\clutter\\c_elytrigia_green.p3d",
              "pos": [
              3519.932617000001,
              5.689123000000008,
              2437.522460999999
            ],
              "ypr": [
              0,
              0,
              0
              ],
              "scale": 1
          },
{
              "name": "DZ\\plants\\clutter\\c_elytrigia_green.p3d",
              "pos": [
              3484.300781000001,
              5.556773000000008,
              2415.280760999999
            ],
              "ypr": [
              0,
              0,
              0
              ],
              "scale": 1
          },
{
              "name": "DZ\\plants\\clutter\\c_elytrigia_green.p3d",
              "pos": [
              3483.386719000001,
              5.560467000000008,
              2416.167235999999
            ],
              "ypr": [
              0,
              0,
              0
              ],
              "scale": 1
          },
{
              "name": "DZ\\plants\\clutter\\c_elytrigia_green.p3d",
              "pos": [
              3484.642822000001,
              5.552928000000008,
              2416.796874999999
            ],
              "ypr": [
              0,
              0,
              0
              ],
              "scale": 1
          },
{
              "name": "DZ\\plants\\clutter\\c_elytrigia_green.p3d",
              "pos": [
              3483.206055000001,
              5.559812000000008,
              2417.380614999999
            ],
              "ypr": [
              0,
              0,
              0
              ],
              "scale": 1
          },
{
              "name": "DZ\\plants\\clutter\\c_elytrigia_green.p3d",
              "pos": [
              3483.736817000001,
              5.5524000000000076,
              2420.816161999999
            ],
              "ypr": [
              0,
              0,
              0
              ],
              "scale": 1
          },
{
              "name": "DZ\\plants\\clutter\\c_elytrigia_green.p3d",
              "pos": [
              3474.067627000001,
              5.624263000000008,
              2419.223631999999
            ],
              "ypr": [
              0,
              0,
              0
              ],
              "scale": 1
          },
{
              "name": "DZ\\plants\\clutter\\c_elytrigia_green.p3d",
              "pos": [
              3473.920899000001,
              5.619414000000008,
              2422.009032999999
            ],
              "ypr": [
              0,
              0,
              0
              ],
              "scale": 1
          },
{
              "name": "DZ\\plants\\clutter\\c_elytrigia_green.p3d",
              "pos": [
              3469.319336000001,
              5.672476000000008,
              2419.362059999999
            ],
              "ypr": [
              0,
              0,
              0
              ],
              "scale": 1
          },
{
              "name": "DZ\\plants\\clutter\\c_elytrigia_green.p3d",
              "pos": [
              3469.0627440000007,
              5.670591000000008,
              2421.0949699999987
            ],
              "ypr": [
              0,
              0,
              0
              ],
              "scale": 1
          },
{
              "name": "DZ\\plants\\clutter\\c_elytrigia_green.p3d",
              "pos": [
              3469.402588000001,
              5.674266000000008,
              2418.357421999999
            ],
              "ypr": [
              0,
              0,
              0
              ],
              "scale": 1
          },
{
              "name": "DZ\\plants\\clutter\\c_elytrigia_green.p3d",
              "pos": [
              3668.654053000001,
              6.9300750000000075,
              2486.942626999999
            ],
              "ypr": [
              0,
              0,
              0
              ],
              "scale": 1
          },
{
              "name": "DZ\\plants\\clutter\\c_elytrigia_green.p3d",
              "pos": [
              3668.411621000001,
              6.9186820000000075,
              2485.942626999999
            ],
              "ypr": [
              0,
              0,
              0
              ],
              "scale": 1
          },
{
              "name": "DZ\\plants\\clutter\\c_elytrigia_green.p3d",
              "pos": [
              3661.090332000001,
              6.9374460000000076,
              2483.599852999999
            ],
              "ypr": [
              0,
              0,
              0
              ],
              "scale": 1
          },
{
              "name": "DZ\\plants\\clutter\\c_elytrigia_green.p3d",
              "pos": [
              3660.416504000001,
              6.976783000000008,
              2486.213133999999
            ],
              "ypr": [
              0,
              0,
              0
              ],
              "scale": 1
          },
{
              "name": "DZ\\plants\\clutter\\c_elytrigia_green.p3d",
              "pos": [
              3659.434570000001,
              6.950501000000008,
              2483.7512199999987
            ],
              "ypr": [
              0,
              0,
              0
              ],
              "scale": 1
          },
{
              "name": "DZ\\plants\\clutter\\c_elytrigia_green.p3d",
              "pos": [
              3667.302246000001,
              6.916779000000008,
              2485.155760999999
            ],
              "ypr": [
              0,
              0,
              0
              ],
              "scale": 1
          },
{
              "name": "DZ\\plants\\clutter\\c_elytrigia_green.p3d",
              "pos": [
              3666.386719000001,
              6.950879000000008,
              2487.255614999999
            ],
              "ypr": [
              0,
              0,
              0
              ],
              "scale": 1
          },
{
              "name": "DZ\\plants\\clutter\\c_elytrigia_green.p3d",
              "pos": [
              3663.804199000001,
              7.470405000000008,
              2500.626952999999
            ],
              "ypr": [
              0,
              0,
              0
              ],
              "scale": 1
          },
{
              "name": "DZ\\plants\\clutter\\c_elytrigia_green.p3d",
              "pos": [
              3662.373779000001,
              7.475448000000008,
              2500.231688999999
            ],
              "ypr": [
              0,
              0,
              0
              ],
              "scale": 1
          },
{
              "name": "DZ\\plants\\clutter\\c_elytrigia_green.p3d",
              "pos": [
              3663.571045000001,
              7.420230000000008,
              2498.899657999999
            ],
              "ypr": [
              0,
              0,
              0
              ],
              "scale": 1
          },
{
              "name": "DZ\\plants\\clutter\\c_elytrigia_green.p3d",
              "pos": [
              3651.8364260000008,
              7.960498000000008,
              2510.755614999999
            ],
              "ypr": [
              0,
              0,
              0
              ],
              "scale": 1
          },
{
              "name": "DZ\\plants\\clutter\\c_elytrigia_green.p3d",
              "pos": [
              3653.070313000001,
              7.884467000000008,
              2509.144286999999
            ],
              "ypr": [
              0,
              0,
              0
              ],
              "scale": 1
          },
{
              "name": "DZ\\plants\\clutter\\c_elytrigia_green.p3d",
              "pos": [
              3657.287110000001,
              7.994455000000007,
              2515.690672999999
            ],
              "ypr": [
              0,
              0,
              0
              ],
              "scale": 1
          },
{
              "name": "DZ\\plants\\clutter\\c_elytrigia_green.p3d",
              "pos": [
              3653.449463000001,
              7.925464000000009,
              2510.599364999999
            ],
              "ypr": [
              0,
              0,
              0
              ],
              "scale": 1
          },
{
              "name": "DZ\\plants\\clutter\\c_elytrigia_green.p3d",
              "pos": [
              3657.037842000001,
              7.960049000000009,
              2514.1030269999987
            ],
              "ypr": [
              0,
              0,
              0
              ],
              "scale": 1
          },
{
              "name": "DZ\\plants\\clutter\\c_elytrigia_green.p3d",
              "pos": [
              3658.918457000001,
              7.890805000000007,
              2512.575926999999
            ],
              "ypr": [
              0,
              0,
              0
              ],
              "scale": 1
          },
{
              "name": "DZ\\plants\\clutter\\c_elytrigia_green.p3d",
              "pos": [
              3637.231445000001,
              8.641518000000008,
              2524.044432999999
            ],
              "ypr": [
              0,
              0,
              0
              ],
              "scale": 1
          },
{
              "name": "DZ\\plants\\clutter\\c_elytrigia_green.p3d",
              "pos": [
              3638.887940000001,
              8.603037000000008,
              2524.471678999999
            ],
              "ypr": [
              0,
              0,
              0
              ],
              "scale": 1
          },
{
              "name": "DZ\\plants\\clutter\\c_elytrigia_green.p3d",
              "pos": [
              3639.495850000001,
              8.672114000000008,
              2530.969725999999
            ],
              "ypr": [
              0,
              0,
              0
              ],
              "scale": 1
          },
{
              "name": "DZ\\plants\\clutter\\c_elytrigia_green.p3d",
              "pos": [
              3640.880371000001,
              8.618876000000007,
              2528.920897999999
            ],
              "ypr": [
              0,
              0,
              0
              ],
              "scale": 1
          },
{
              "name": "DZ\\plants\\clutter\\c_elytrigia_green.p3d",
              "pos": [
              3639.614990000001,
              8.650546000000007,
              2529.200682999999
            ],
              "ypr": [
              0,
              0,
              0
              ],
              "scale": 1
          },
{
              "name": "DZ\\plants\\clutter\\c_elytrigia_green.p3d",
              "pos": [
              3614.294434000001,
              9.161398000000007,
              2528.842528999999
            ],
              "ypr": [
              0,
              0,
              0
              ],
              "scale": 1
          },
{
              "name": "DZ\\plants\\clutter\\c_elytrigia_green.p3d",
              "pos": [
              3615.515137000001,
              9.143598000000008,
              2529.685546999999
            ],
              "ypr": [
              0,
              0,
              0
              ],
              "scale": 1
          },
{
              "name": "DZ\\plants\\clutter\\c_elytrigia_green.p3d",
              "pos": [
              3610.472901000001,
              9.263895000000009,
              2535.702147999999
            ],
              "ypr": [
              0,
              0,
              0
              ],
              "scale": 1
          },
{
              "name": "DZ\\plants\\clutter\\c_elytrigia_green.p3d",
              "pos": [
              3612.193604000001,
              9.197228000000008,
              2534.7048339999988
            ],
              "ypr": [
              0,
              0,
              0
              ],
              "scale": 1
          },
{
              "name": "DZ\\plants\\clutter\\c_elytrigia_green.p3d",
              "pos": [
              3611.279297000001,
              9.208080000000008,
              2533.702147999999
            ],
              "ypr": [
              0,
              0,
              0
              ],
              "scale": 1
          },
{
              "name": "DZ\\plants\\clutter\\c_elytrigia_green.p3d",
              "pos": [
              3576.142822000001,
              10.113356000000008,
              2539.530028999999
            ],
              "ypr": [
              0,
              0,
              0
              ],
              "scale": 1
          },
{
              "name": "DZ\\plants\\clutter\\c_elytrigia_green.p3d",
              "pos": [
              3577.592041000001,
              10.043814000000008,
              2538.403075999999
            ],
              "ypr": [
              0,
              0,
              0
              ],
              "scale": 1
          },
{
              "name": "DZ\\plants\\clutter\\c_elytrigia_green.p3d",
              "pos": [
              3576.889893000001,
              10.060311000000008,
              2537.358641999999
            ],
              "ypr": [
              0,
              0,
              0
              ],
              "scale": 1
          },
{
              "name": "DZ\\plants\\clutter\\c_elytrigia_green.p3d",
              "pos": [
              3576.557373000001,
              10.029648000000009,
              2531.470213999999
            ],
              "ypr": [
              0,
              0,
              0
              ],
              "scale": 1
          },
{
              "name": "DZ\\plants\\clutter\\c_elytrigia_green.p3d",
              "pos": [
              3577.3977050000008,
              10.002128000000008,
              2532.611815999999
            ],
              "ypr": [
              0,
              0,
              0
              ],
              "scale": 1
          },
{
              "name": "DZ\\plants\\clutter\\c_elytrigia_green.p3d",
              "pos": [
              3526.890381000001,
              12.090154000000007,
              2545.163817999999
            ],
              "ypr": [
              0,
              0,
              0
              ],
              "scale": 1
          },
{
              "name": "DZ\\plants\\clutter\\c_elytrigia_green.p3d",
              "pos": [
              3525.604248000001,
              12.138169000000008,
              2546.152342999999
            ],
              "ypr": [
              0,
              0,
              0
              ],
              "scale": 1
          },
{
              "name": "DZ\\plants\\clutter\\c_elytrigia_green.p3d",
              "pos": [
              3525.689697000001,
              12.134982000000008,
              2544.710448999999
            ],
              "ypr": [
              0,
              0,
              0
              ],
              "scale": 1
          },
{
              "name": "DZ\\plants\\clutter\\c_elytrigia_green.p3d",
              "pos": [
              3526.6333010000008,
              12.099751000000008,
              2543.582762999999
            ],
              "ypr": [
              0,
              0,
              0
              ],
              "scale": 1
          },
{
              "name": "DZ\\plants\\clutter\\c_elytrigia_green.p3d",
              "pos": [
              3530.457031000001,
              11.956999000000009,
              2538.800780999999
            ],
              "ypr": [
              0,
              0,
              0
              ],
              "scale": 1
          },
{
              "name": "DZ\\plants\\clutter\\c_elytrigia_green.p3d",
              "pos": [
              3531.701172000001,
              11.910557000000008,
              2540.566405999999
            ],
              "ypr": [
              0,
              0,
              0
              ],
              "scale": 1
          },
{
              "name": "DZ\\plants\\clutter\\c_elytrigia_green.p3d",
              "pos": [
              3530.660156000001,
              11.949419000000008,
              2539.796874999999
            ],
              "ypr": [
              0,
              0,
              0
              ],
              "scale": 1
          },
{
              "name": "DZ\\plants\\clutter\\c_elytrigia_green.p3d",
              "pos": [
              3530.4221190000007,
              11.958307000000008,
              2542.093504999999
            ],
              "ypr": [
              0,
              0,
              0
              ],
              "scale": 1
          },
{
              "name": "DZ\\plants\\clutter\\c_elytrigia_green.p3d",
              "pos": [
              3766.051026000001,
              6.389639000000008,
              2515.690184999999
            ],
              "ypr": [
              0,
              0,
              0
              ],
              "scale": 1
          },
{
              "name": "DZ\\plants\\clutter\\c_elytrigia_green.p3d",
              "pos": [
              3766.338379000001,
              6.382959000000008,
              2514.711424999999
            ],
              "ypr": [
              0,
              0,
              0
              ],
              "scale": 1
          },
{
              "name": "DZ\\plants\\clutter\\c_elytrigia_green.p3d",
              "pos": [
              3774.286621000001,
              6.388051000000008,
              2510.809081999999
            ],
              "ypr": [
              0,
              0,
              0
              ],
              "scale": 1
          },
{
              "name": "DZ\\plants\\clutter\\c_elytrigia_green.p3d",
              "pos": [
              3773.284424000001,
              6.380638000000008,
              2510.170653999999
            ],
              "ypr": [
              0,
              0,
              0
              ],
              "scale": 1
          },
{
              "name": "DZ\\plants\\clutter\\c_elytrigia_green.p3d",
              "pos": [
              3772.120117000001,
              6.379752000000008,
              2510.877684999999
            ],
              "ypr": [
              0,
              0,
              0
              ],
              "scale": 1
          },
{
              "name": "DZ\\plants\\clutter\\c_elytrigiatall.p3d",
              "pos": [
              3770.487793,
              6.367926999999993,
              2509.893555
            ],
              "ypr": [
              0,
              0,
              0
              ],
              "scale": 1
          },
{
              "name": "DZ\\plants\\clutter\\c_elytrigiatall.p3d",
              "pos": [
              3765.070801,
              6.3581399999999935,
              2512.019775
            ],
              "ypr": [
              0,
              0,
              0
              ],
              "scale": 1
          },
{
              "name": "DZ\\plants\\clutter\\c_elytrigiatall.p3d",
              "pos": [
              3776.613525,
              6.569629999999993,
              2529.259766
            ],
              "ypr": [
              0,
              0,
              0
              ],
              "scale": 1
          },
{
              "name": "DZ\\plants\\clutter\\c_elytrigiatall.p3d",
              "pos": [
              3751.902832,
              6.2873289999999935,
              2491.702637
            ],
              "ypr": [
              0,
              0,
              0
              ],
              "scale": 1
          },
{
              "name": "DZ\\plants\\clutter\\c_elytrigiatall.p3d",
              "pos": [
              3742.730469,
              6.303202999999993,
              2494.536621
            ],
              "ypr": [
              0,
              0,
              0
              ],
              "scale": 1
          },
{
              "name": "DZ\\plants\\clutter\\c_elytrigiatall.p3d",
              "pos": [
              3719.799072,
              6.4555629999999935,
              2493.05835
            ],
              "ypr": [
              0,
              0,
              0
              ],
              "scale": 1
          },
{
              "name": "DZ\\plants\\clutter\\c_elytrigiatall.p3d",
              "pos": [
              3714.902588,
              6.497456999999994,
              2487.148926
            ],
              "ypr": [
              0,
              0,
              0
              ],
              "scale": 1
          },
{
              "name": "DZ\\plants\\clutter\\c_elytrigiatall.p3d",
              "pos": [
              3675.357666,
              6.817963999999993,
              2482.019043
            ],
              "ypr": [
              0,
              0,
              0
              ],
              "scale": 1
          },
{
              "name": "DZ\\plants\\clutter\\c_elytrigiatall.p3d",
              "pos": [
              3674.950684,
              6.820270999999993,
              2479.119385
            ],
              "ypr": [
              0,
              0,
              0
              ],
              "scale": 1
          },
{
              "name": "DZ\\plants\\clutter\\c_elytrigiatall.p3d",
              "pos": [
              3654.140869,
              6.901042999999993,
              2475.692383
            ],
              "ypr": [
              0,
              0,
              0
              ],
              "scale": 1
          },
{
              "name": "DZ\\plants\\clutter\\c_elytrigiatall.p3d",
              "pos": [
              3634.68457,
              6.929865999999993,
              2467.075195
            ],
              "ypr": [
              0,
              0,
              0
              ],
              "scale": 1
          },
{
              "name": "DZ\\plants\\clutter\\c_elytrigiatall.p3d",
              "pos": [
              3620.185547,
              6.913695999999994,
              2471.090332
            ],
              "ypr": [
              0,
              0,
              0
              ],
              "scale": 1
          },
{
              "name": "DZ\\plants\\clutter\\c_elytrigiatall.p3d",
              "pos": [
              3607.669922,
              6.855353999999993,
              2463.43042
            ],
              "ypr": [
              0,
              0,
              0
              ],
              "scale": 1
          },
{
              "name": "DZ\\plants\\clutter\\c_elytrigiatall.p3d",
              "pos": [
              3569.926758,
              6.4684369999999936,
              2447.376221
            ],
              "ypr": [
              0,
              0,
              0
              ],
              "scale": 1
          },
{
              "name": "DZ\\plants\\clutter\\c_elytrigiatall.p3d",
              "pos": [
              3556.309326,
              6.207310999999994,
              2433.4104
            ],
              "ypr": [
              0,
              0,
              0
              ],
              "scale": 1
          },
{
              "name": "DZ\\plants\\clutter\\c_elytrigiatall.p3d",
              "pos": [
              3525.408936,
              5.734166999999993,
              2432.201416
            ],
              "ypr": [
              0,
              0,
              0
              ],
              "scale": 1
          },
{
              "name": "DZ\\plants\\clutter\\c_elytrigiatall.p3d",
              "pos": [
              3505.23291,
              5.5465809999999935,
              2431.598389
            ],
              "ypr": [
              0,
              0,
              0
              ],
              "scale": 1
          },
{
              "name": "DZ\\plants\\clutter\\c_elytrigiatall.p3d",
              "pos": [
              3484.359375,
              5.553013999999993,
              2417.705078
            ],
              "ypr": [
              0,
              0,
              0
              ],
              "scale": 1
          },
{
              "name": "DZ\\plants\\clutter\\c_elytrigiadirt.p3d",
              "pos": [
              3472.093993999999,
              5.657134999999994,
              2414.5783690000003
            ],
              "ypr": [
              0,
              0,
              0
              ],
              "scale": 1
          },
{
              "name": "DZ\\plants\\clutter\\c_elytrigiadirt.p3d",
              "pos": [
              3482.793212999999,
              5.552643999999994,
              2423.5151370000003
            ],
              "ypr": [
              0,
              0,
              0
              ],
              "scale": 1
          },
{
              "name": "DZ\\plants\\clutter\\c_elytrigiadirt.p3d",
              "pos": [
              3512.717040999999,
              5.588109999999994,
              2428.7707520000004
            ],
              "ypr": [
              0,
              0,
              0
              ],
              "scale": 1
          },
{
              "name": "DZ\\plants\\clutter\\c_elytrigiadirt.p3d",
              "pos": [
              3568.974608999999,
              6.457296999999994,
              2447.8872070000007
            ],
              "ypr": [
              0,
              0,
              0
              ],
              "scale": 1
          },
{
              "name": "DZ\\plants\\clutter\\c_elytrigiadirt.p3d",
              "pos": [
              3589.302001999999,
              6.7184809999999935,
              2459.5273440000005
            ],
              "ypr": [
              0,
              0,
              0
              ],
              "scale": 1
          },
{
              "name": "DZ\\plants\\clutter\\c_elytrigiadirt.p3d",
              "pos": [
              3597.885741999999,
              6.783616999999994,
              2456.5798340000006
            ],
              "ypr": [
              0,
              0,
              0
              ],
              "scale": 1
          },
{
              "name": "DZ\\plants\\clutter\\c_elytrigiadirt.p3d",
              "pos": [
              3606.804442999999,
              6.8513729999999935,
              2463.9887700000004
            ],
              "ypr": [
              0,
              0,
              0
              ],
              "scale": 1
          },
{
              "name": "DZ\\plants\\clutter\\c_elytrigiadirt.p3d",
              "pos": [
              3626.706298999999,
              6.925550999999994,
              2466.7158200000003
            ],
              "ypr": [
              0,
              0,
              0
              ],
              "scale": 1
          },
{
              "name": "DZ\\plants\\clutter\\c_elytrigiadirt.p3d",
              "pos": [
              3648.665038999999,
              6.912414999999994,
              2477.3386230000006
            ],
              "ypr": [
              0,
              0,
              0
              ],
              "scale": 1
          },
{
              "name": "DZ\\plants\\clutter\\c_elytrigiadirt.p3d",
              "pos": [
              3655.003417999999,
              6.920115999999994,
              2478.3217770000006
            ],
              "ypr": [
              0,
              0,
              0
              ],
              "scale": 1
          },
{
              "name": "DZ\\plants\\clutter\\c_elytrigiadirt.p3d",
              "pos": [
              3671.874022999999,
              6.8451079999999935,
              2478.0529790000005
            ],
              "ypr": [
              0,
              0,
              0
              ],
              "scale": 1
          },
{
              "name": "DZ\\plants\\clutter\\c_elytrigiadirt.p3d",
              "pos": [
              3665.071288999999,
              6.958325999999994,
              2487.1240240000006
            ],
              "ypr": [
              0,
              0,
              0
              ],
              "scale": 1
          },
{
              "name": "DZ\\plants\\clutter\\c_elytrigiadirt.p3d",
              "pos": [
              3717.719481999999,
              6.471757999999994,
              2491.4216310000006
            ],
              "ypr": [
              0,
              0,
              0
              ],
              "scale": 1
          },
{
              "name": "DZ\\plants\\clutter\\c_elytrigiadirt.p3d",
              "pos": [
              3740.607421999999,
              6.314957999999994,
              2494.0454100000006
            ],
              "ypr": [
              0,
              0,
              0
              ],
              "scale": 1
          },
{
              "name": "DZ\\plants\\clutter\\c_elytrigiadirt.p3d",
              "pos": [
              3763.017089999999,
              6.314895999999994,
              2502.3703610000007
            ],
              "ypr": [
              0,
              0,
              0
              ],
              "scale": 1
          },
{
              "name": "DZ\\plants\\clutter\\c_elytrigiadirt.p3d",
              "pos": [
              3772.487304999999,
              6.451923999999994,
              2520.1760250000007
            ],
              "ypr": [
              0,
              0,
              0
              ],
              "scale": 1
          },
{
              "name": "DZ\\plants\\clutter\\c_elytrigiadirt.p3d",
              "pos": [
              3777.366210999999,
              6.566773999999994,
              2528.7944340000004
            ],
              "ypr": [
              0,
              0,
              0
              ],
              "scale": 1
          },
{
              "name": "DZ\\plants\\clutter\\c_elytrigiadirt.p3d",
              "pos": [
              3779.4604489999992,
              6.574531999999994,
              2528.8957520000004
            ],
              "ypr": [
              0,
              0,
              0
              ],
              "scale": 1
          }
	]
}