{
    "Objects": [
        {
            "name": "Land_Wreck_Uaz",
            "pos": [
                3661.119140625,
                6.794921875,
                2361.976318359375
            ],
            "ypr": [
                -62.07806396484375,
                0.0,
                0.0
            ]
        },
        {
            "name": "Land_Wreck_hb01_aban2_green",
            "pos": [
                3648.65966796875,
                6.921609401702881,
                2403.921142578125
            ],
            "ypr": [
                9.0,
                -0.0,
                -0.0
            ]
        },
        {
            "name": "Land_Wreck_hb02_aban2_black",
            "pos": [
                3650.48779296875,
                6.708747386932373,
                2417.0302734375
            ],
            "ypr": [
                9.0,
                -0.0,
                -0.0
            ]
        },
        {
            "name": "Land_Wreck_S1023_Beige",
            "pos": [
                3649.484375,
                6.98730993270874,
                2409.718017578125
            ],
            "ypr": [
                4.129218578338623,
                -0.0,
                -0.0
            ]
        },
        {
            "name": "Land_Wreck_Volha_Blue",
            "pos": [
                3754.126220703125,
                6.923328399658203,
                2500.180419921875
            ],
            "ypr": [
                53.99998474121094,
                -0.0,
                -0.0
            ]
        },
        {
            "name": "Land_Wreck_sed01_aban1_black",
            "pos": [
                3762.06005859375,
                7.05242919921875,
                2505.7099609375
            ],
            "ypr": [
                45.0,
                0.49999985098838808,
                0.0
            ]
        },
        {
            "name": "Land_Wreck_Ikarus",
            "pos": [
                3558.969970703125,
                7.750730514526367,
                2450.580078125
            ],
            "ypr": [
                63.0,
                0.49999985098838808,
                -0.9999995231628418
            ]
        },
        {
            "name": "Land_Wreck_sed01_aban1_wine",
            "pos": [
                3573.0400390625,
                7.259338855743408,
                2452.760009765625
            ],
            "ypr": [
                72.00000762939453,
                0.9999997019767761,
                0.0
            ]
        },
        {
            "name": "Land_Wreck_hb02_aban2_blue",
            "pos": [
                3582.110107421875,
                7.337339878082275,
                2457.010009765625
            ],
            "ypr": [
                71.99989318847656,
                0.9999997019767761,
                0.0
            ]
        },
        {
            "name": "Land_Wreck_sed02_aban1_yellow",
            "pos": [
                3609.280029296875,
                7.703079700469971,
                2458.840087890625
            ],
            "ypr": [
                -90.0,
                -0.49999985098838808,
                0.0
            ]
        },
        {
            "name": "Land_wreck_truck01_aban2_blue",
            "pos": [
                3647.0400390625,
                6.398438930511475,
                2451.3798828125
            ],
            "ypr": [
                -18.0,
                2.4999992847442629,
                0.0
            ]
        },
        {
            "name": "Land_Wreck_sed02_aban2_red",
            "pos": [
                3709.380859375,
                7.186166763305664,
                2495.44091796875
            ],
            "ypr": [
                107.99993896484375,
                0.0,
                -0.0
            ]
        },
        {
            "name": "Land_Wreck_sed01_aban2_white",
            "pos": [
                3677.59765625,
                7.590640068054199,
                2485.63525390625
            ],
            "ypr": [
                71.99994659423828,
                -0.0,
                -0.0
            ]
        },
        {
            "name": "Land_Wreck_Volha_Blue",
            "pos": [
                3663.911865234375,
                7.519552230834961,
                2476.2822265625
            ],
            "ypr": [
                -108.00004577636719,
                0.0,
                -0.0
            ]
        },
        {
            "name": "Land_Wreck_S1023_Beige",
            "pos": [
                3598.60009765625,
                10.42240047454834,
                2533.889892578125
            ],
            "ypr": [
                90.0,
                -0.9999997019767761,
                0.0
            ]
        },
        {
            "name": "Land_Wreck_hb02_aban2_black",
            "pos": [
                3632.43994140625,
                9.497136116027832,
                2526.159912109375
            ],
            "ypr": [
                -53.999996185302737,
                1.5,
                0.9999995231628418
            ]
        },
        {
            "name": "Land_Wreck_hb01_aban2_blue",
            "pos": [
                3511.09912109375,
                6.486352920532227,
                2426.325927734375
            ],
            "ypr": [
                -107.99993896484375,
                0.0,
                -0.0
            ]
        },
        {
            "name": "Land_Wreck_sed01_aban2_white",
            "pos": [
                3501.96826171875,
                6.2714362144470219,
                2424.24267578125
            ],
            "ypr": [
                -116.99994659423828,
                0.0,
                -0.0
            ]
        },
        {
            "name": "Land_Wreck_sed02_aban1_yellow",
            "pos": [
                3457.84521484375,
                6.707834243774414,
                2408.82763671875
            ],
            "ypr": [
                -108.0,
                0.9999997019767761,
                0.0
            ]
        },
        {
            "name": "Land_Wreck_V3S",
            "pos": [
                3563.138916015625,
                7.808801651000977,
                2431.28759765625
            ],
            "ypr": [
                -18.0,
                0.0,
                0.0
            ]
        },
        {
            "name": "Land_Wreck_Uaz",
            "pos": [
                3568.1171875,
                7.262887954711914,
                2443.36572265625
            ],
            "ypr": [
                -98.99993133544922,
                0.0,
                -0.0
            ]
        },
        {
            "name": "Land_House_1W03",
            "pos": [
                3539.025390625,
                8.618062973022461,
                2403.543701171875
            ],
            "ypr": [
                -107.99993896484375,
                0.0,
                -0.0
            ]
        },
        {
            "name": "Land_House_1W11",
            "pos": [
                3478.245361328125,
                9.065791130065918,
                2398.151611328125
            ],
            "ypr": [
                71.99994659423828,
                -0.0,
                -0.0
            ]
        },
        {
            "name": "Land_Shed_W6",
            "pos": [
                3490.99951171875,
                7.011134147644043,
                2391.125732421875
            ],
            "ypr": [
                161.9998321533203,
                0.0,
                -0.0
            ]
        },
        {
            "name": "Land_Shed_Closed_Small2",
            "pos": [
                3443.77294921875,
                7.250052452087402,
                2342.402587890625
            ],
            "ypr": [
                -27.0,
                0.0,
                0.0
            ]
        },
        {
            "name": "Land_Shed_W1",
            "pos": [
                3547.797607421875,
                7.39279842376709,
                2413.876220703125
            ],
            "ypr": [
                71.17822265625,
                0.0,
                -0.0
            ]
        },
        {
            "name": "StaticObj_Pier_Concrete2_End",
            "pos": [
                3634.648681640625,
                -19.810266494750978,
                2120.659912109375
            ],
            "ypr": [
                -90.03689575195313,
                0.0,
                0.0
            ]
        },
        {
            "name": "StaticObj_Misc_BagFence_Round",
            "pos": [
                3657.721923828125,
                6.272789478302002,
                2378.88037109375
            ],
            "ypr": [
                -9.0,
                0.0,
                0.0
            ]
        },
        {
            "name": "StaticObj_Misc_BagFence_Round",
            "pos": [
                3659.649169921875,
                6.19736909866333,
                2368.0341796875
            ],
            "ypr": [
                169.82882690429688,
                0.0,
                0.0
            ]
        },
        {
            "name": "StaticObj_Roadblock_Bags_EndR",
            "pos": [
                3656.114013671875,
                5.891562461853027,
                2372.271240234375
            ],
            "ypr": [
                -27.000011444091798,
                0.0,
                0.0
            ]
        },
        {
            "name": "StaticObj_Misc_BagFence_3m",
            "pos": [
                3662.162109375,
                6.376107215881348,
                2371.23974609375
            ],
            "ypr": [
                -89.99995422363281,
                0.0,
                0.0
            ]
        },
        {
            "name": "StaticObj_Roadblock_Bags_EndL",
            "pos": [
                3655.5009765625,
                5.8294267654418949,
                2376.740966796875
            ],
            "ypr": [
                9.0,
                -0.0,
                -0.0
            ]
        },
        {
            "name": "StaticObj_Misc_BagFence_3m",
            "pos": [
                3661.1796875,
                6.340399742126465,
                2376.6533203125
            ],
            "ypr": [
                74.31735229492188,
                0.0,
                0.0
            ]
        },
        {
            "name": "StaticObj_Misc_BagFence_3m",
            "pos": [
                3661.851806640625,
                6.372377872467041,
                2374.093017578125
            ],
            "ypr": [
                77.68143463134766,
                0.0,
                0.0
            ]
        },
        {
            "name": "StaticObj_Misc_BagFence_3m",
            "pos": [
                3656.350341796875,
                6.32351541519165,
                2370.24609375
            ],
            "ypr": [
                -101.88446044921875,
                0.0,
                0.0
            ]
        },
        {
            "name": "StaticObj_Mil_HBarrier_6m",
            "pos": [
                3644.51611328125,
                6.5762224197387699,
                2380.556884765625
            ],
            "ypr": [
                -98.99993133544922,
                0.0,
                -0.0
            ]
        },
        {
            "name": "StaticObj_Mil_HBarrier_4m",
            "pos": [
                3646.364013671875,
                6.535440921783447,
                2370.97705078125
            ],
            "ypr": [
                -107.99990844726563,
                0.0,
                -0.0
            ]
        },
        {
            "name": "StaticObj_Mil_HBarrier_1m",
            "pos": [
                3645.52783203125,
                6.588244915008545,
                2373.3046875
            ],
            "ypr": [
                -125.99992370605469,
                0.0,
                -0.0
            ]
        },
        {
            "name": "StaticObj_Mil_HBarrier_6m",
            "pos": [
                3637.131103515625,
                6.632932662963867,
                2382.717529296875
            ],
            "ypr": [
                -9.0,
                0.0,
                0.0
            ]
        },
        {
            "name": "StaticObj_Mil_CamoNet_Side_nato",
            "pos": [
                3659.33056640625,
                7.307001113891602,
                2372.496826171875
            ],
            "ypr": [
                80.99995422363281,
                -0.0,
                -0.0
            ]
        },
        {
            "name": "StaticObj_Misc_WoodenCrate",
            "pos": [
                3657.5087890625,
                6.280627727508545,
                2369.031005859375
            ],
            "ypr": [
                -27.0,
                0.0,
                0.0
            ]
        },
        {
            "name": "StaticObj_Misc_WoodenCrate_3x",
            "pos": [
                3657.3896484375,
                6.631472110748291,
                2371.941650390625
            ],
            "ypr": [
                35.999996185302737,
                -0.0,
                -0.0
            ]
        },
        {
            "name": "StaticObj_Misc_WoodenCrate_5x",
            "pos": [
                3660.941650390625,
                6.9495673179626469,
                2370.92578125
            ],
            "ypr": [
                4.988012313842773,
                0.0,
                0.0
            ]
        },
        {
            "name": "StaticObj_Furniture_metalcrate",
            "pos": [
                3655.087890625,
                5.911622524261475,
                2376.0068359375
            ],
            "ypr": [
                -35.999996185302737,
                0.0,
                0.0
            ]
        },
        {
            "name": "StaticObj_Misc_WoodenCrate",
            "pos": [
                3660.043212890625,
                6.253528118133545,
                2377.130615234375
            ],
            "ypr": [
                -17.999984741210939,
                0.0,
                0.0
            ]
        },
        {
            "name": "Land_Roadblock_Table",
            "pos": [
                3656.207275390625,
                6.412940502166748,
                2377.73291015625
            ],
            "ypr": [
                -71.99994659423828,
                0.0,
                0.0
            ]
        },
        {
            "name": "Land_Roadblock_Table",
            "pos": [
                3660.877197265625,
                6.39293909072876,
                2368.74462890625
            ],
            "ypr": [
                -53.99998474121094,
                0.0,
                0.0
            ]
        },
        {
            "name": "StaticObj_Misc_Table_Camp_Small",
            "pos": [
                3655.323974609375,
                6.389506816864014,
                2371.6328125
            ],
            "ypr": [
                80.99995422363281,
                -0.0,
                -0.0
            ]
        },
        {
            "name": "StaticObj_Misc_Chair_Camp2",
            "pos": [
                3657.2509765625,
                6.506310939788818,
                2378.9384765625
            ],
            "ypr": [
                -18.0,
                0.0,
                0.0
            ]
        },
        {
            "name": "StaticObj_Misc_Chair_Camp1",
            "pos": [
                3656.63525390625,
                6.498346328735352,
                2377.065185546875
            ],
            "ypr": [
                152.9998016357422,
                0.0,
                -0.0
            ]
        },
        {
            "name": "StaticObj_Misc_Chair_Plastic",
            "pos": [
                3658.13916015625,
                6.464272499084473,
                2367.84619140625
            ],
            "ypr": [
                -71.99994659423828,
                0.0,
                0.0
            ]
        },
        {
            "name": "StaticObj_Misc_BoxWooden",
            "pos": [
                3659.813232421875,
                6.405708312988281,
                2365.962158203125
            ],
            "ypr": [
                -18.0,
                0.0,
                0.0
            ]
        },
        {
            "name": "StaticObj_Misc_BoxWooden",
            "pos": [
                3656.81201171875,
                6.405479431152344,
                2366.904541015625
            ],
            "ypr": [
                -132.83436584472657,
                0.0,
                0.0
            ]
        },
        {
            "name": "StaticObj_Misc_Gunrack",
            "pos": [
                3661.129638671875,
                6.349060535430908,
                2372.203857421875
            ],
            "ypr": [
                35.999996185302737,
                -0.0,
                -0.0
            ]
        },
        {
            "name": "StaticObj_Mil_HBarrier_6m",
            "pos": [
                3664.018310546875,
                6.577387809753418,
                2387.306396484375
            ],
            "ypr": [
                170.28863525390626,
                0.0,
                -0.0
            ]
        },
        {
            "name": "StaticObj_Mil_HBarrier_Round",
            "pos": [
                3656.1357421875,
                6.580585479736328,
                2383.390869140625
            ],
            "ypr": [
                135.00003051757813,
                0.0,
                -0.0
            ]
        },
        {
            "name": "Land_Mil_Barracks_Round",
            "pos": [
                3634.320556640625,
                7.429556846618652,
                2369.147705078125
            ],
            "ypr": [
                -9.0,
                0.0,
                0.0
            ]
        },
        {
            "name": "Land_Mil_Barracks_Round",
            "pos": [
                3626.428466796875,
                7.425379753112793,
                2367.5615234375
            ],
            "ypr": [
                -9.0,
                0.0,
                0.0
            ]
        },
        {
            "name": "Land_Mil_Barracks_Round",
            "pos": [
                3618.71337890625,
                7.426316738128662,
                2366.21875
            ],
            "ypr": [
                -9.0,
                0.0,
                0.0
            ]
        },
        {
            "name": "StaticObj_Mil_HBarrier_6m",
            "pos": [
                3624.578857421875,
                6.632221221923828,
                2379.4755859375
            ],
            "ypr": [
                161.10264587402345,
                0.0,
                0.0
            ]
        },
        {
            "name": "StaticObj_Mil_HBarrier_6m",
            "pos": [
                3615.4404296875,
                6.6327409744262699,
                2374.49462890625
            ],
            "ypr": [
                -39.5178108215332,
                0.0,
                0.0
            ]
        },
        {
            "name": "StaticObj_Mil_HBarrier_Round",
            "pos": [
                3611.420654296875,
                6.581724166870117,
                2370.329833984375
            ],
            "ypr": [
                135.00001525878907,
                0.0,
                -0.0
            ]
        },
        {
            "name": "StaticObj_Wall_Tin7_4",
            "pos": [
                3610.355224609375,
                7.371813774108887,
                2367.6943359375
            ],
            "ypr": [
                170.99986267089845,
                0.0,
                -0.0
            ]
        },
        {
            "name": "StaticObj_Wall_Tin7_8",
            "pos": [
                3609.001220703125,
                7.416733741760254,
                2363.462158203125
            ],
            "ypr": [
                81.00000762939453,
                -0.0,
                -0.0
            ]
        },
        {
            "name": "StaticObj_Wall_Tin7_4",
            "pos": [
                3611.606689453125,
                7.369013786315918,
                2359.8564453125
            ],
            "ypr": [
                -10.821237564086914,
                0.0,
                -0.0
            ]
        },
        {
            "name": "StaticObj_Slum_Roof3",
            "pos": [
                3611.12353515625,
                7.52109432220459,
                2362.717529296875
            ],
            "ypr": [
                -98.99993133544922,
                0.0,
                -0.0
            ]
        },
        {
            "name": "Land_Misc_Toilet_Mobile",
            "pos": [
                3610.26025390625,
                7.179617881774902,
                2360.638427734375
            ],
            "ypr": [
                -107.99993896484375,
                0.0,
                -0.0
            ]
        },
        {
            "name": "Land_Misc_Toilet_Mobile",
            "pos": [
                3609.921142578125,
                7.179643630981445,
                2361.8955078125
            ],
            "ypr": [
                -101.0932388305664,
                0.0,
                -0.0
            ]
        },
        {
            "name": "Land_Misc_Toilet_Mobile",
            "pos": [
                3609.744140625,
                7.179107666015625,
                2363.078857421875
            ],
            "ypr": [
                -97.83016967773438,
                0.0,
                -0.0
            ]
        },
        {
            "name": "StaticObj_Garbage_Bin",
            "pos": [
                3613.166259765625,
                6.557678699493408,
                2360.516357421875
            ],
            "ypr": [
                -33.700897216796878,
                -0.0,
                -0.0
            ]
        },
        {
            "name": "StaticObj_Garbage_Bin",
            "pos": [
                3613.762451171875,
                6.556949615478516,
                2360.384765625
            ],
            "ypr": [
                24.85228729248047,
                -0.0,
                -0.0
            ]
        },
        {
            "name": "StaticObj_Garbage_Pile6",
            "pos": [
                3612.875,
                6.011024475097656,
                2359.40869140625
            ],
            "ypr": [
                -44.99998092651367,
                0.0,
                0.0
            ]
        },
        {
            "name": "StaticObj_Garbage_Pile4",
            "pos": [
                3609.461669921875,
                6.07825231552124,
                2365.888427734375
            ],
            "ypr": [
                9.0,
                -0.0,
                -0.0
            ]
        },
        {
            "name": "StaticObj_Garbage_Container_Plastic",
            "pos": [
                3612.000244140625,
                6.8381876945495609,
                2368.813720703125
            ],
            "ypr": [
                18.000003814697267,
                -0.0,
                -0.0
            ]
        },
        {
            "name": "StaticObj_Garbage_Pile3",
            "pos": [
                3613.60693359375,
                6.357898235321045,
                2369.641357421875
            ],
            "ypr": [
                -62.99997329711914,
                0.0,
                0.0
            ]
        },
        {
            "name": "StaticObj_Garbage_GroundSq_5m_NoLC",
            "pos": [
                3612.615966796875,
                6.063048362731934,
                2364.86083984375
            ],
            "ypr": [
                27.0,
                -0.0,
                -0.0
            ]
        },
        {
            "name": "StaticObj_Mil_HBarrier_Round",
            "pos": [
                3611.133544921875,
                6.573756217956543,
                2346.958984375
            ],
            "ypr": [
                78.75749206542969,
                0.0,
                -0.0
            ]
        },
        {
            "name": "StaticObj_Mil_HBarrier_6m",
            "pos": [
                3609.086181640625,
                6.623864650726318,
                2355.4951171875
            ],
            "ypr": [
                -95.75955200195313,
                0.0,
                0.0
            ]
        },
        {
            "name": "Land_Mil_Barracks_Round",
            "pos": [
                3619.30615234375,
                7.411195755004883,
                2346.74658203125
            ],
            "ypr": [
                -153.29556274414063,
                0.0,
                0.0
            ]
        },
        {
            "name": "Land_Mil_Barracks_Round",
            "pos": [
                3628.096923828125,
                7.410008907318115,
                2344.27685546875
            ],
            "ypr": [
                -172.3535919189453,
                0.0,
                0.0
            ]
        },
        {
            "name": "StaticObj_Mil_HBarrier_Round",
            "pos": [
                3617.375,
                6.5703911781311039,
                2338.4521484375
            ],
            "ypr": [
                47.865177154541019,
                0.0,
                -0.0
            ]
        },
        {
            "name": "StaticObj_Roads_Partmud_6konec",
            "pos": [
                3614.463134765625,
                6.006427764892578,
                2353.957275390625
            ],
            "ypr": [
                62.99997329711914,
                -0.0,
                -0.0
            ]
        },
        {
            "name": "StaticObj_Roads_Partmud_30_25",
            "pos": [
                3623.864013671875,
                5.991847991943359,
                2355.957275390625
            ],
            "ypr": [
                71.99994659423828,
                -0.0,
                -0.0
            ]
        },
        {
            "name": "StaticObj_Roads_Partmud_30_25",
            "pos": [
                3636.3349609375,
                5.9826459884643559,
                2354.164306640625
            ],
            "ypr": [
                92.56007385253906,
                -0.0,
                -0.0
            ]
        },
        {
            "name": "StaticObj_Roads_Partmud_60_10",
            "pos": [
                3646.130615234375,
                6.0676960945129398,
                2351.217529296875
            ],
            "ypr": [
                -121.49242401123047,
                0.0,
                -0.0
            ]
        },
        {
            "name": "StaticObj_Roads_Partmud_6konec",
            "pos": [
                3654.026611328125,
                6.02125883102417,
                2353.70458984375
            ],
            "ypr": [
                -116.99991607666016,
                0.0,
                -0.0
            ]
        },
        {
            "name": "StaticObj_Mil_ReinforcedTank1_Grass",
            "pos": [
                3652.0068359375,
                -0.5521645545959473,
                2379.576904296875
            ],
            "ypr": [
                0.0,
                -0.0,
                -0.0
            ]
        },
        {
            "name": "StaticObj_Tisy_Garages_Grass_L",
            "pos": [
                3653.825439453125,
                -1.2300691604614258,
                2371.849609375
            ],
            "ypr": [
                -9.0,
                0.0,
                0.0
            ]
        },
        {
            "name": "StaticObj_Tisy_Garages_Grass_L",
            "pos": [
                3648.679443359375,
                -1.1087636947631837,
                2419.909423828125
            ],
            "ypr": [
                -170.99986267089845,
                0.0,
                -0.0
            ]
        },
        {
            "name": "StaticObj_Mil_ReinforcedTank2_Grass_Top",
            "pos": [
                3651.904052734375,
                -2.8333263397216799,
                2406.935791015625
            ],
            "ypr": [
                0.0,
                -0.0,
                -0.0
            ]
        },
        {
            "name": "StaticObj_Mil_ReinforcedTank1_Grass",
            "pos": [
                3648.086181640625,
                0.4266695976257324,
                2467.153076171875
            ],
            "ypr": [
                0.0,
                -0.0,
                -0.0
            ]
        },
        {
            "name": "StaticObj_Tisy_Garages_Grass_L",
            "pos": [
                3650.56005859375,
                -0.293213814496994,
                2461.1201171875
            ],
            "ypr": [
                -27.0,
                1.5000001192092896,
                3.9999992847442629
            ]
        },
        {
            "name": "StaticObj_Mil_ReinforcedTank1_Grass",
            "pos": [
                3626.796630859375,
                0.28214597702026369,
                2472.517333984375
            ],
            "ypr": [
                0.0,
                -0.0,
                -0.0
            ]
        },
        {
            "name": "StaticObj_Tisy_Garages_Grass_R",
            "pos": [
                3626.2705078125,
                -0.20566892623901368,
                2462.986328125
            ],
            "ypr": [
                -107.99993896484375,
                0.0,
                -0.0
            ]
        },
        {
            "name": "StaticObj_Tisy_Garages_Grass_R",
            "pos": [
                3573.679931640625,
                -1.0068923234939576,
                2449.909912109375
            ],
            "ypr": [
                -108.0,
                1.5,
                -6.999999046325684
            ]
        },
        {
            "name": "StaticObj_Mil_ReinforcedTank1_Grass",
            "pos": [
                3515.87646484375,
                -0.9571595191955566,
                2428.367431640625
            ],
            "ypr": [
                0.0,
                -0.0,
                -0.0
            ]
        },
        {
            "name": "StaticObj_Mil_ReinforcedTank2_Grass_Top",
            "pos": [
                3517.744140625,
                -3.193460464477539,
                2434.884033203125
            ],
            "ypr": [
                0.0,
                -0.0,
                -0.0
            ]
        },
        {
            "name": "StaticObj_Tisy_Garages_Grass_L",
            "pos": [
                3495.463134765625,
                -1.7320833206176758,
                2427.232421875
            ],
            "ypr": [
                -116.99994659423828,
                0.0,
                -0.0
            ]
        },
        {
            "name": "StaticObj_Mil_ReinforcedTank1_Grass",
            "pos": [
                3441.63232421875,
                -0.39800310134887698,
                2400.9716796875
            ],
            "ypr": [
                0.0,
                -0.0,
                -0.0
            ]
        },
        {
            "name": "StaticObj_Roads_Partmud_6konec",
            "pos": [
                3483.39990234375,
                5.5725998878479,
                2413.93994140625
            ],
            "ypr": [
                161.99996948242188,
                0.0,
                -0.49999991059303286
            ]
        },
        {
            "name": "StaticObj_Roads_Partmud_12",
            "pos": [
                3486.267578125,
                5.588503837585449,
                2405.2392578125
            ],
            "ypr": [
                -18.0,
                0.0,
                0.0
            ]
        },
        {
            "name": "StaticObj_Roads_Partmud_6konec",
            "pos": [
                3488.60009765625,
                5.593019962310791,
                2397.820068359375
            ],
            "ypr": [
                -18.000003814697267,
                -0.2999999523162842,
                0.0
            ]
        },
        {
            "name": "Land_Wreck_S1023_Blue",
            "pos": [
                3489.299072265625,
                6.482050895690918,
                2403.266845703125
            ],
            "ypr": [
                0.0,
                -0.0,
                -0.0
            ]
        },
        {
            "name": "Land_Wreck_Volha_Blue",
            "pos": [
                3474.371826171875,
                6.249217987060547,
                2409.921142578125
            ],
            "ypr": [
                -80.99995422363281,
                0.0,
                0.0
            ]
        },
        {
            "name": "StaticObj_Roads_Partmud_60_10",
            "pos": [
                3528.98095703125,
                5.6930928230285648,
                2409.280029296875
            ],
            "ypr": [
                -101.22367858886719,
                -0.49994516372680666,
                0.0
            ]
        },
        {
            "name": "StaticObj_Roads_Partmud_6konec",
            "pos": [
                3537.589599609375,
                5.739227294921875,
                2408.92919921875
            ],
            "ypr": [
                -98.99993133544922,
                0.0,
                -0.0
            ]
        },
        {
            "name": "StaticObj_Roads_Partmud_30_25",
            "pos": [
                3522.48193359375,
                5.668789863586426,
                2418.0078125
            ],
            "ypr": [
                -35.99998092651367,
                0.0,
                0.0
            ]
        },
        {
            "name": "StaticObj_Roads_Partmud_6konec",
            "pos": [
                3520.32958984375,
                5.719059944152832,
                2426.5224609375
            ],
            "ypr": [
                173.0,
                0.0,
                0.0
            ]
        },
        {
            "name": "Land_Wreck_hb01_aban1_green",
            "pos": [
                3540.314697265625,
                6.793937683105469,
                2410.3896484375
            ],
            "ypr": [
                -116.99991607666016,
                0.0,
                -0.0
            ]
        },
        {
            "name": "StaticObj_Garbage_Pile3",
            "pos": [
                3530.287841796875,
                6.0642313957214359,
                2403.134765625
            ],
            "ypr": [
                161.99986267089845,
                0.0,
                -0.0
            ]
        },
        {
            "name": "StaticObj_Garbage_Pile4",
            "pos": [
                3514.29345703125,
                5.808145999908447,
                2417.79541015625
            ],
            "ypr": [
                -89.99995422363281,
                0.0,
                0.0
            ]
        },
        {
            "name": "StaticObj_Garbage_Pile2",
            "pos": [
                3502.755615234375,
                5.840471267700195,
                2418.911376953125
            ],
            "ypr": [
                134.9500274658203,
                -0.0,
                -0.0
            ]
        },
        {
            "name": "StaticObj_Garbage_Pile8",
            "pos": [
                3480.15576171875,
                6.1561279296875,
                2402.786865234375
            ],
            "ypr": [
                -107.99999237060547,
                0.0,
                -0.0
            ]
        },
        {
            "name": "StaticObj_Garbage_Pile7",
            "pos": [
                3481.04345703125,
                6.2178568840026859,
                2401.56640625
            ],
            "ypr": [
                -89.99995422363281,
                0.0,
                0.0
            ]
        },
        {
            "name": "StaticObj_Garbage_Bin",
            "pos": [
                3478.828125,
                6.189708232879639,
                2406.17724609375
            ],
            "ypr": [
                0.0,
                -0.0,
                -0.0
            ]
        },
        {
            "name": "StaticObj_Garbage_Bin",
            "pos": [
                3478.5107421875,
                6.1911163330078129,
                2406.76904296875
            ],
            "ypr": [
                -67.58740234375,
                -0.0,
                -0.0
            ]
        },
        {
            "name": "StaticObj_Garbage_Bin",
            "pos": [
                3507.094482421875,
                6.094607353210449,
                2415.74365234375
            ],
            "ypr": [
                0.0,
                -0.0,
                -0.0
            ]
        },
        {
            "name": "StaticObj_Garbage_Bin",
            "pos": [
                3478.5107421875,
                6.1911163330078129,
                2406.76904296875
            ],
            "ypr": [
                -67.58740234375,
                -0.0,
                -0.0
            ]
        },
        {
            "name": "StaticObj_Garbage_Bin",
            "pos": [
                3506.560791015625,
                6.089426040649414,
                2415.491943359375
            ],
            "ypr": [
                -144.67422485351563,
                -0.0,
                -0.0
            ]
        },
        {
            "name": "StaticObj_Garbage_Pile1",
            "pos": [
                3500.193115234375,
                5.931064605712891,
                2418.28564453125
            ],
            "ypr": [
                -27.0,
                0.0,
                0.0
            ]
        },
        {
            "name": "StaticObj_Wall_Tin6_1_4",
            "pos": [
                3566.1875,
                15.655696868896485,
                2434.95751953125
            ],
            "ypr": [
                161.99984741210938,
                0.0,
                -0.0
            ]
        },
        {
            "name": "StaticObj_Wall_Tin6_1_4",
            "pos": [
                3565.006103515625,
                15.57097339630127,
                2432.451416015625
            ],
            "ypr": [
                -107.99993896484375,
                0.0,
                -0.0
            ]
        },
        {
            "name": "StaticObj_Wall_IndFnc2_9",
            "pos": [
                3566.936279296875,
                15.424566268920899,
                2427.056396484375
            ],
            "ypr": [
                -107.99993896484375,
                0.0,
                -0.0
            ]
        },
        {
            "name": "StaticObj_Wall_Fen6_8",
            "pos": [
                3572.169921875,
                15.918700218200684,
                2424.062744140625
            ],
            "ypr": [
                -18.499998092651368,
                0.0,
                0.0
            ]
        },
        {
            "name": "StaticObj_Slum_Roof4",
            "pos": [
                3578.29931640625,
                15.955449104309082,
                2429.24267578125
            ],
            "ypr": [
                -20.499998092651368,
                0.0,
                0.0
            ]
        },
        {
            "name": "StaticObj_Misc_Range_Roof",
            "pos": [
                3567.962890625,
                16.212400436401368,
                2429.1748046875
            ],
            "ypr": [
                -109.49999237060547,
                0.0,
                0.0
            ]
        },
        {
            "name": "StaticObj_Misc_WoodenCrate_3x",
            "pos": [
                3576.805419921875,
                15.340409278869629,
                2427.2744140625
            ],
            "ypr": [
                -35.999996185302737,
                0.0,
                0.0
            ]
        },
        {
            "name": "StaticObj_Misc_WoodenCrate",
            "pos": [
                3579.2626953125,
                14.868123054504395,
                2431.789306640625
            ],
            "ypr": [
                -20.238258361816408,
                -0.0,
                -0.0
            ]
        },
        {
            "name": "StaticObj_Misc_WoodenCrate_5x",
            "pos": [
                3579.414306640625,
                15.557982444763184,
                2429.7060546875
            ],
            "ypr": [
                0.0,
                -0.0,
                -0.0
            ]
        },
        {
            "name": "StaticObj_Misc_BoxWooden",
            "pos": [
                3568.796875,
                15.110921859741211,
                2424.796630859375
            ],
            "ypr": [
                154.5889129638672,
                -0.0,
                -0.0
            ]
        },
        {
            "name": "Land_Roadblock_Table",
            "pos": [
                3566.4521484375,
                15.005171775817871,
                2431.04541015625
            ],
            "ypr": [
                -108.40494537353516,
                -0.0,
                -0.0
            ]
        },
        {
            "name": "StaticObj_Misc_Chair_Camp2",
            "pos": [
                3566.05859375,
                15.058649063110352,
                2432.343994140625
            ],
            "ypr": [
                -72.62934112548828,
                -0.0,
                -0.0
            ]
        },
        {
            "name": "StaticObj_Garbage_Pile8",
            "pos": [
                3576.33837890625,
                15.107943534851075,
                2437.2470703125
            ],
            "ypr": [
                -18.0,
                0.0,
                0.0
            ]
        },
        {
            "name": "StaticObj_Garbage_Pile7",
            "pos": [
                3564.66015625,
                6.8990559577941898,
                2439.138916015625
            ],
            "ypr": [
                -18.000038146972658,
                0.0,
                0.0
            ]
        },
        {
            "name": "StaticObj_Wreck_HMMWV",
            "pos": [
                3625.26611328125,
                6.889310359954834,
                2357.948486328125
            ],
            "ypr": [
                109.79998779296875,
                0.0,
                -0.0
            ]
        },
        {
            "name": "Land_Barn_Wood1",
            "pos": [
                3466.762939453125,
                9.546940803527832,
                2448.93212890625
            ],
            "ypr": [
                71.99995422363281,
                -0.0,
                -0.0
            ]
        },
        {
            "name": "StaticObj_Barn_Hopper",
            "pos": [
                3473.92138671875,
                12.279817581176758,
                2460.352294921875
            ],
            "ypr": [
                -17.55765151977539,
                0.0,
                0.0
            ]
        },
        {
            "name": "StaticObj_Barn_StrawStack",
            "pos": [
                3445.2900390625,
                9.03242015838623,
                2472.68994140625
            ],
            "ypr": [
                -18.0,
                0.0,
                0.0
            ]
        },
        {
            "name": "StaticObj_Barn_StrawStack",
            "pos": [
                3449.017578125,
                8.927587509155274,
                2476.2509765625
            ],
            "ypr": [
                158.0126953125,
                0.0,
                0.0
            ]
        },
        {
            "name": "Land_Farm_WaterTower_Small",
            "pos": [
                3465.050048828125,
                10.937090873718262,
                2458.09912109375
            ],
            "ypr": [
                -107.99993896484375,
                0.0,
                -0.0
            ]
        },
        {
            "name": "StaticObj_Misc_Through_Trailer",
            "pos": [
                3485.449951171875,
                6.527935981750488,
                2460.81005859375
            ],
            "ypr": [
                89.99995422363281,
                -0.0,
                -0.0
            ]
        },
        {
            "name": "Land_Misc_Through_Static",
            "pos": [
                3463.037841796875,
                6.529818058013916,
                2455.8974609375
            ],
            "ypr": [
                -18.0,
                0.0,
                0.0
            ]
        },
        {
            "name": "Land_Wreck_Trailer_Closed",
            "pos": [
                3446.1376953125,
                7.498528480529785,
                2436.09033203125
            ],
            "ypr": [
                84.58443450927735,
                -0.0,
                -0.0
            ]
        },
        {
            "name": "Land_Wreck_Tractor",
            "pos": [
                3442.303466796875,
                7.779419898986816,
                2433.598876953125
            ],
            "ypr": [
                56.913753509521487,
                -0.0,
                -0.0
            ]
        },
        {
            "name": "StaticObj_Road_Sidewalk_Stairs",
            "pos": [
                3483.80029296875,
                4.158056259155273,
                2444.448486328125
            ],
            "ypr": [
                161.9998779296875,
                0.0,
                -0.0
            ]
        },
        {
            "name": "Land_Train_Wagon_Box",
            "pos": [
                3632.374755859375,
                7.763979434967041,
                2183.613525390625
            ],
            "ypr": [
                18.0,
                -0.0,
                -0.0
            ]
        },
        {
            "name": "Land_Train_Wagon_Box",
            "pos": [
                3636.046142578125,
                7.764674186706543,
                2195.0830078125
            ],
            "ypr": [
                18.0,
                -0.0,
                -0.0
            ]
        },
        {
            "name": "StaticObj_Wreck_Train_Wagon_Tanker",
            "pos": [
                3639.469970703125,
                7.92234992980957,
                2206.179931640625
            ],
            "ypr": [
                17.499998092651368,
                0.0,
                0.0
            ]
        },
        {
            "name": "StaticObj_Wreck_Train_Wagon_Flat",
            "pos": [
                3643.8232421875,
                6.571210861206055,
                2219.739990234375
            ],
            "ypr": [
                18.0,
                0.0,
                0.0
            ]
        },
        {
            "name": "Land_Train_Wagon_Box",
            "pos": [
                3640.490234375,
                7.764130592346191,
                2224.3388671875
            ],
            "ypr": [
                18.0,
                -0.0,
                -0.0
            ]
        },
        {
            "name": "Land_Train_Wagon_Box",
            "pos": [
                3644.16162109375,
                7.764825344085693,
                2235.808349609375
            ],
            "ypr": [
                18.0,
                -0.0,
                -0.0
            ]
        },
        {
            "name": "StaticObj_Wreck_Train_Wagon_Flat",
            "pos": [
                3649.01318359375,
                6.571499824523926,
                2236.06005859375
            ],
            "ypr": [
                17.499998092651368,
                0.0,
                0.0
            ]
        },
        {
            "name": "Land_Container_1Aoh",
            "pos": [
                3650.3056640625,
                8.498072624206543,
                2240.105712890625
            ],
            "ypr": [
                18.0,
                -0.0,
                -0.0
            ]
        },
        {
            "name": "Land_Container_1Moh",
            "pos": [
                3645.3076171875,
                8.521444320678711,
                2224.201904296875
            ],
            "ypr": [
                18.0,
                -0.0,
                -0.0
            ]
        },
        {
            "name": "Land_Container_1Bo",
            "pos": [
                3642.654541015625,
                8.529729843139649,
                2215.974365234375
            ],
            "ypr": [
                18.0,
                -0.0,
                -0.0
            ]
        },
        {
            "name": "StaticObj_Tisy_Garages_Grass_R",
            "pos": [
                3669.570068359375,
                -0.49797284603118899,
                2480.7099609375
            ],
            "ypr": [
                -108.0,
                0.9999999403953552,
                -3.0
            ]
        },
        {
            "name": "StaticObj_Mil_ReinforcedTank2_Grass_Top",
            "pos": [
                3664.97900390625,
                -2.0381555557250978,
                2479.852783203125
            ],
            "ypr": [
                0.0,
                -0.0,
                -0.0
            ]
        },
        {
            "name": "StaticObj_Mil_ReinforcedTank1_Grass",
            "pos": [
                3669.216552734375,
                0.3137993812561035,
                2480.90771484375
            ],
            "ypr": [
                0.0,
                -0.0,
                -0.0
            ]
        },
        {
            "name": "StaticObj_Mil_ReinforcedTank1_Grass",
            "pos": [
                3665.10205078125,
                0.3626093864440918,
                2488.68701171875
            ],
            "ypr": [
                -71.99995422363281,
                0.0,
                0.0
            ]
        },
        {
            "name": "StaticObj_Mil_ReinforcedTank1_Grass",
            "pos": [
                3667.22900390625,
                0.41063451766967776,
                2482.9482421875
            ],
            "ypr": [
                0.0,
                -0.0,
                -0.0
            ]
        },
        {
            "name": "StaticObj_Tisy_Garages_Grass_R",
            "pos": [
                3645.25,
                1.1329079866409302,
                2516.429931640625
            ],
            "ypr": [
                -45.0,
                3.0,
                0.0
            ]
        },
        {
            "name": "StaticObj_Tisy_Garages_Grass_R",
            "pos": [
                3593.830078125,
                2.654325246810913,
                2537.93994140625
            ],
            "ypr": [
                93.73489379882813,
                0.9999999403953552,
                1.5000001192092896
            ]
        },
        {
            "name": "StaticObj_Tisy_Garages_Grass_R",
            "pos": [
                3551.85009765625,
                3.8646011352539064,
                2535.3798828125
            ],
            "ypr": [
                -72.00001525878906,
                3.499999523162842,
                -3.0
            ]
        },
        {
            "name": "StaticObj_Mil_ReinforcedTank1_Grass",
            "pos": [
                3536.320068359375,
                5.193510055541992,
                2544.179931640625
            ],
            "ypr": [
                0.0,
                1.5,
                2.5
            ]
        },
        {
            "name": "StaticObj_Tisy_Garages_Grass_R",
            "pos": [
                3707.31005859375,
                -0.6192058324813843,
                2483.7900390625
            ],
            "ypr": [
                -107.99999237060547,
                2.499999761581421,
                -2.499999761581421
            ]
        },
        {
            "name": "StaticObj_Mil_ReinforcedTank1_Grass",
            "pos": [
                3695.4521484375,
                0.17921972274780274,
                2487.365234375
            ],
            "ypr": [
                0.0,
                -0.0,
                -0.0
            ]
        },
        {
            "name": "StaticObj_Mil_ReinforcedTank2_Grass_Top",
            "pos": [
                3747.945068359375,
                -2.5426101684570314,
                2494.55712890625
            ],
            "ypr": [
                0.0,
                -0.0,
                -0.0
            ]
        },
        {
            "name": "StaticObj_Tisy_Garages_Grass_L",
            "pos": [
                3735.320068359375,
                -0.9791595935821533,
                2495.18994140625
            ],
            "ypr": [
                -90.0,
                0.9999999403953552,
                2.5
            ]
        },
        {
            "name": "StaticObj_Mil_ReinforcedTank1_Grass",
            "pos": [
                3737.905029296875,
                -0.16675806045532227,
                2487.1640625
            ],
            "ypr": [
                0.0,
                -0.0,
                -0.0
            ]
        },
        {
            "name": "StaticObj_Mil_ReinforcedTank1_Grass",
            "pos": [
                3732.69482421875,
                -0.3218255043029785,
                2491.3486328125
            ],
            "ypr": [
                0.0,
                -0.0,
                -0.0
            ]
        },
        {
            "name": "StaticObj_Mil_ReinforcedTank1_Grass",
            "pos": [
                3777.175048828125,
                -0.11887979507446289,
                2520.624267578125
            ],
            "ypr": [
                0.0,
                -0.0,
                -0.0
            ]
        },
        {
            "name": "StaticObj_Tisy_Garages_Grass_L",
            "pos": [
                3779.003662109375,
                -0.055015500634908679,
                2553.288330078125
            ],
            "ypr": [
                -152.99998474121095,
                0.9999999403953552,
                -1.9999998807907105
            ]
        },
        {
            "name": "StaticObj_Mil_ReinforcedTank1_Grass",
            "pos": [
                3787.912841796875,
                0.46601057052612307,
                2558.366943359375
            ],
            "ypr": [
                0.0,
                -0.0,
                -0.0
            ]
        },
        {
            "name": "StaticObj_Mil_ReinforcedTank1_Grass",
            "pos": [
                3846.488525390625,
                0.6378340721130371,
                2595.526611328125
            ],
            "ypr": [
                0.0,
                -0.0,
                -0.0
            ]
        },
        {
            "name": "StaticObj_Tisy_Garages_Grass_R",
            "pos": [
                3842.7900390625,
                -0.11314675211906433,
                2584.510009765625
            ],
            "ypr": [
                -117.0,
                2.499999761581421,
                -3.0
            ]
        },
        {
            "name": "Land_Wreck_Uaz",
            "pos": [
                3844.889404296875,
                7.987034797668457,
                2579.22705078125
            ],
            "ypr": [
                -134.99990844726563,
                0.0,
                -0.0
            ]
        },
        {
            "name": "Land_Wreck_Ikarus",
            "pos": [
                3831.601806640625,
                8.638519287109375,
                2588.383056640625
            ],
            "ypr": [
                62.99997329711914,
                -0.0,
                -0.0
            ]
        },
        {
            "name": "Land_Wreck_hb02_aban1_black",
            "pos": [
                3843.549072265625,
                7.931126117706299,
                2593.331787109375
            ],
            "ypr": [
                71.99995422363281,
                -0.0,
                -0.0
            ]
        },
        {
            "name": "StaticObj_Misc_BagFence_Round",
            "pos": [
                3847.341796875,
                7.400918006896973,
                2582.944091796875
            ],
            "ypr": [
                53.99998474121094,
                0.0,
                0.0
            ]
        },
        {
            "name": "StaticObj_Misc_BagFence_3m",
            "pos": [
                3843.419921875,
                7.436405658721924,
                2583.719970703125
            ],
            "ypr": [
                -27.0,
                0.0,
                0.0
            ]
        },
        {
            "name": "StaticObj_Roadblock_Bags_EndL",
            "pos": [
                3841.7080078125,
                6.995290756225586,
                2582.633056640625
            ],
            "ypr": [
                80.99995422363281,
                -0.0,
                -0.0
            ]
        },
        {
            "name": "StaticObj_Misc_WoodenCrate",
            "pos": [
                3842.578125,
                7.4797749519348148,
                2582.416748046875
            ],
            "ypr": [
                62.99997329711914,
                -0.0,
                -0.0
            ]
        },
        {
            "name": "StaticObj_Misc_WoodenCrate_3x",
            "pos": [
                3846.385009765625,
                7.903418064117432,
                2583.2548828125
            ],
            "ypr": [
                18.0,
                -0.0,
                -0.0
            ]
        }
    ]
}