{
    "Objects": [
        {
            "name": "StaticObj_Wall_Tin7_8",
            "pos": [
                2992.301025390625,
                349.194580078125,
                7463.67724609375
            ],
            "ypr": [
                7.230746269226074,
                -0.0,
                -0.0
            ]
        },
        {
            "name": "StaticObj_Wall_Tin7_8",
            "pos": [
                3000.18603515625,
                349.216796875,
                7462.6767578125
            ],
            "ypr": [
                7.230746269226074,
                -0.0,
                -0.0
            ]
        },
        {
            "name": "StaticObj_Wall_IndFnc2_3",
            "pos": [
                3004.63330078125,
                349.1063232421875,
                7462.04052734375
            ],
            "ypr": [
                -170.6730499267578,
                0.0,
                0.0
            ]
        },
        {
            "name": "StaticObj_Wall_PipeFence_4",
            "pos": [
                3006.339111328125,
                348.87188720703127,
                7463.86474609375
            ],
            "ypr": [
                97.42322540283203,
                0.0,
                0.0
            ]
        },
        {
            "name": "StaticObj_Wall_Tin6_2_4",
            "pos": [
                3006.489990234375,
                349.3589172363281,
                7466.0546875
            ],
            "ypr": [
                -81.67404174804688,
                0.0,
                -0.0
            ]
        },
        {
            "name": "StaticObj_Misc_ConcreteBlock2_Damaged",
            "pos": [
                2988.548095703125,
                348.7718200683594,
                7465.73388671875
            ],
            "ypr": [
                100.4643783569336,
                0.0,
                0.0
            ]
        },
        {
            "name": "StaticObj_Wall_Tin_4",
            "pos": [
                2988.767578125,
                348.936279296875,
                7469.384765625
            ],
            "ypr": [
                97.57832336425781,
                0.0,
                0.0
            ]
        },
        {
            "name": "StaticObj_Wall_Tin_4",
            "pos": [
                2991.1826171875,
                348.908935546875,
                7473.02685546875
            ],
            "ypr": [
                -172.67259216308595,
                0.0,
                0.0
            ]
        },
        {
            "name": "StaticObj_Wall_WoodF_5_2",
            "pos": [
                2988.79150390625,
                348.54840087890627,
                7470.94970703125
            ],
            "ypr": [
                -81.55472564697266,
                0.0,
                0.0
            ]
        },
        {
            "name": "StaticObj_Wall_Fen6_8",
            "pos": [
                2996.921630859375,
                349.65631103515627,
                7472.57373046875
            ],
            "ypr": [
                -173.1732177734375,
                0.0,
                0.0
            ]
        },
        {
            "name": "StaticObj_Wall_Fen6_8",
            "pos": [
                3003.241455078125,
                349.63525390625,
                7471.57080078125
            ],
            "ypr": [
                6.89693021774292,
                0.0,
                0.0
            ]
        },
        {
            "name": "StaticObj_Wall_Fen6_Pole",
            "pos": [
                3000.095947265625,
                349.78466796875,
                7472.1240234375
            ],
            "ypr": [
                20.72047996520996,
                -0.0,
                -0.0
            ]
        },
        {
            "name": "StaticObj_Slum_Roof5",
            "pos": [
                3003.082763671875,
                349.943115234375,
                7467.12841796875
            ],
            "ypr": [
                -171.6731719970703,
                -0.0,
                -0.0
            ]
        },
        {
            "name": "StaticObj_Slum_Roof3",
            "pos": [
                2990.859619140625,
                350.07647705078127,
                7470.40673828125
            ],
            "ypr": [
                94.09257507324219,
                0.0,
                0.0
            ]
        },
        {
            "name": "StaticObj_Misc_Range_Roof",
            "pos": [
                2996.5068359375,
                350.1182861328125,
                7471.1787109375
            ],
            "ypr": [
                8.324807167053223,
                0.0,
                -0.0
            ]
        },
        {
            "name": "StaticObj_Wall_Tin_4",
            "pos": [
                2990.4130859375,
                348.9111328125,
                7467.32861328125
            ],
            "ypr": [
                2.5316812992095949,
                0.0,
                0.0
            ]
        },
        {
            "name": "Land_Wreck_Ikarus",
            "pos": [
                2999.679931640625,
                343.60614013671877,
                7466.3798828125
            ],
            "ypr": [
                -171.67300415039063,
                -0.49999991059303286,
                0.49999991059303286
            ]
        },
        {
            "name": "Land_Wreck_Volha_Blue",
            "pos": [
                2995.538818359375,
                342.8655700683594,
                7469.3115234375
            ],
            "ypr": [
                8.324807167053223,
                0.0,
                -0.0
            ]
        },
        {
            "name": "Land_Wreck_S1023_Beige",
            "pos": [
                2982.558837890625,
                343.07891845703127,
                7466.27490234375
            ],
            "ypr": [
                179.32557678222657,
                -0.0,
                -0.0
            ]
        },
        {
            "name": "Land_Wreck_hb01_aban1_white",
            "pos": [
                3003.00732421875,
                343.3651123046875,
                7477.416015625
            ],
            "ypr": [
                95.52096557617188,
                -0.0,
                -0.0
            ]
        },
        {
            "name": "StaticObj_Mil_CamoNet_Side_nato",
            "pos": [
                2972.510009765625,
                344.013916015625,
                7478.89013671875
            ],
            "ypr": [
                -72.00000762939453,
                0.49999991059303286,
                -2.499999523162842
            ]
        },
        {
            "name": "Land_Wreck_Uaz",
            "pos": [
                2977.49853515625,
                343.5340576171875,
                7485.8642578125
            ],
            "ypr": [
                -134.99989318847657,
                0.0,
                -0.0
            ]
        },
        {
            "name": "Land_Wreck_Ikarus",
            "pos": [
                2981.575439453125,
                344.3765869140625,
                7498.11279296875
            ],
            "ypr": [
                0.0,
                1.9999996423721314,
                0.0
            ]
        },
        {
            "name": "Land_Wreck_hb02_aban2_blue",
            "pos": [
                2982.844970703125,
                343.8933410644531,
                7507.75
            ],
            "ypr": [
                0.0,
                -0.0,
                -0.0
            ]
        },
        {
            "name": "Land_Wreck_sed01_aban2_black",
            "pos": [
                2982.820068359375,
                343.6579895019531,
                7525.1201171875
            ],
            "ypr": [
                0.0,
                -2.499999523162842,
                0.0
            ]
        },
        {
            "name": "Land_Wreck_Volha_Blue",
            "pos": [
                2987.489990234375,
                343.842529296875,
                7515.330078125
            ],
            "ypr": [
                -179.99996948242188,
                1.5,
                0.0
            ]
        },
        {
            "name": "Land_Wreck_sed01_aban1_white",
            "pos": [
                2972.860107421875,
                340.8345031738281,
                7435.5
            ],
            "ypr": [
                18.0,
                4.999999046325684,
                -3.0
            ]
        },
        {
            "name": "Land_Wreck_sed02_aban2_yellow",
            "pos": [
                2961.070068359375,
                337.62646484375,
                7412.2900390625
            ],
            "ypr": [
                35.999996185302737,
                6.499999046325684,
                -4.5
            ]
        },
        {
            "name": "StaticObj_Mil_HBarrier_6m",
            "pos": [
                2976.34912109375,
                343.12701416015627,
                7480.1103515625
            ],
            "ypr": [
                100.6199951171875,
                -1.5001198053359986,
                1.5
            ]
        },
        {
            "name": "StaticObj_Mil_HBarrier_4m",
            "pos": [
                2971.611083984375,
                342.833984375,
                7472.02685546875
            ],
            "ypr": [
                0.0,
                -0.0,
                -0.0
            ]
        },
        {
            "name": "StaticObj_Mil_HBarrier_1m",
            "pos": [
                2974.202392578125,
                342.88604736328127,
                7472.48095703125
            ],
            "ypr": [
                -35.999996185302737,
                0.0,
                0.0
            ]
        },
        {
            "name": "StaticObj_Misc_ConcreteBlock2_Damaged",
            "pos": [
                2979.35009765625,
                343.1724853515625,
                7489.240234375
            ],
            "ypr": [
                35.999996185302737,
                0.9999998211860657,
                0.9999998211860657
            ]
        },
        {
            "name": "StaticObj_Misc_ConcreteBlock2",
            "pos": [
                2981.5400390625,
                343.0350036621094,
                7486.18017578125
            ],
            "ypr": [
                63.0,
                0.4999999701976776,
                1.9999996423721314
            ]
        },
        {
            "name": "StaticObj_Misc_ConcreteBlock2_Damaged",
            "pos": [
                2981.719970703125,
                342.8685302734375,
                7481.31005859375
            ],
            "ypr": [
                -80.9999771118164,
                0.9999998211860657,
                -1.5000001192092896
            ]
        },
        {
            "name": "StaticObj_Misc_BoxWooden",
            "pos": [
                2972.56005859375,
                343.2359924316406,
                7484.56005859375
            ],
            "ypr": [
                -9.0,
                1.5,
                -4.500000953674316
            ]
        },
        {
            "name": "StaticObj_Misc_BoxWooden",
            "pos": [
                2973.8095703125,
                343.1982116699219,
                7484.59716796875
            ],
            "ypr": [
                -118.49395751953125,
                1.4986604452133179,
                -4.500000953674316
            ]
        },
        {
            "name": "StaticObj_Misc_WoodenCrate_5x",
            "pos": [
                2969.820068359375,
                343.29241943359377,
                7473.7001953125
            ],
            "ypr": [
                53.999996185302737,
                3.499999523162842,
                0.9999996423721314
            ]
        },
        {
            "name": "StaticObj_Misc_WoodenCrate_3x",
            "pos": [
                2969.13330078125,
                343.1812744140625,
                7475.3544921875
            ],
            "ypr": [
                -18.0,
                0.0,
                0.0
            ]
        },
        {
            "name": "StaticObj_Misc_WoodenCrate",
            "pos": [
                2971.3466796875,
                342.6706237792969,
                7473.76611328125
            ],
            "ypr": [
                -44.99999237060547,
                0.0,
                0.0
            ]
        },
        {
            "name": "Land_Roadblock_Table",
            "pos": [
                2975.070068359375,
                342.99102783203127,
                7480.60009765625
            ],
            "ypr": [
                -80.9999771118164,
                1.5,
                -1.9999996423721314
            ]
        },
        {
            "name": "StaticObj_Misc_Table_Camp_Small",
            "pos": [
                2974.679931640625,
                342.9320068359375,
                7478.9599609375
            ],
            "ypr": [
                -98.9998779296875,
                0.9999998211860657,
                -3.9999992847442629
            ]
        },
        {
            "name": "StaticObj_Misc_Gunrack",
            "pos": [
                2971.820068359375,
                343.1495056152344,
                7483.18994140625
            ],
            "ypr": [
                170.99998474121095,
                -1.9999996423721314,
                0.5
            ]
        },
        {
            "name": "StaticObj_Furniture_metalcrate",
            "pos": [
                2970.400390625,
                342.5544128417969,
                7479.79150390625
            ],
            "ypr": [
                -107.99993896484375,
                0.0,
                -0.0
            ]
        },
        {
            "name": "StaticObj_Misc_WoodenCrate_3x",
            "pos": [
                2971.1123046875,
                343.29376220703127,
                7481.79443359375
            ],
            "ypr": [
                23.35829734802246,
                -0.0,
                -0.0
            ]
        },
        {
            "name": "StaticObj_Misc_Chair_Camp2",
            "pos": [
                2974.52587890625,
                343.0585021972656,
                7481.23291015625
            ],
            "ypr": [
                -35.999996185302737,
                0.0,
                0.0
            ]
        },
        {
            "name": "StaticObj_Misc_Chair_Plastic",
            "pos": [
                2974.62255859375,
                342.9523010253906,
                7478.0390625
            ],
            "ypr": [
                143.99989318847657,
                0.0,
                -0.0
            ]
        },
        {
            "name": "StaticObj_Garbage_Pile8",
            "pos": [
                2977.257080078125,
                342.9637451171875,
                7478.5224609375
            ],
            "ypr": [
                -80.99995422363281,
                0.0,
                0.0
            ]
        },
        {
            "name": "StaticObj_Garbage_Pile4",
            "pos": [
                2978.91748046875,
                342.6334228515625,
                7480.8271484375
            ],
            "ypr": [
                -63.0,
                0.0,
                0.0
            ]
        },
        {
            "name": "StaticObj_Garbage_Pile2",
            "pos": [
                2974.84228515625,
                342.4585876464844,
                7471.2138671875
            ],
            "ypr": [
                -116.99994659423828,
                0.0,
                -0.0
            ]
        },
        {
            "name": "StaticObj_Garbage_Bin",
            "pos": [
                2973.912353515625,
                342.8382873535156,
                7471.28173828125
            ],
            "ypr": [
                0.0,
                -0.0,
                -0.0
            ]
        },
        {
            "name": "StaticObj_Garbage_Bin",
            "pos": [
                2973.52734375,
                342.82562255859377,
                7470.86083984375
            ],
            "ypr": [
                -80.99995422363281,
                0.0,
                0.0
            ]
        },
        {
            "name": "StaticObj_Garbage_Container",
            "pos": [
                2972.458984375,
                343.0972900390625,
                7470.55224609375
            ],
            "ypr": [
                90.00000762939453,
                0.0,
                -0.0
            ]
        },
        {
            "name": "Land_Castle_Stairs",
            "pos": [
                3007.953369140625,
                341.27130126953127,
                7461.4775390625
            ],
            "ypr": [
                -80.99995422363281,
                0.0,
                0.0
            ]
        },
        {
            "name": "StaticObj_Wall_VilVar2_4_2",
            "pos": [
                3008.6298828125,
                342.8035583496094,
                7471.5771484375
            ],
            "ypr": [
                -170.99986267089845,
                0.0,
                -0.0
            ]
        },
        {
            "name": "StaticObj_Wall_VilVar2_4_2",
            "pos": [
                3010.392578125,
                342.8065185546875,
                7469.33154296875
            ],
            "ypr": [
                -87.07581329345703,
                0.0,
                -0.0
            ]
        },
        {
            "name": "StaticObj_Wall_VilVar2_4_2",
            "pos": [
                3010.0126953125,
                342.84808349609377,
                7465.376953125
            ],
            "ypr": [
                -83.91029357910156,
                0.0,
                -0.0
            ]
        },
        {
            "name": "StaticObj_Wall_VilVar2_4_2",
            "pos": [
                3011.18603515625,
                342.741455078125,
                7462.60986328125
            ],
            "ypr": [
                -75.38715362548828,
                0.0,
                -0.0
            ]
        },
        {
            "name": "StaticObj_Wall_VilVar2_4_2",
            "pos": [
                3008.669921875,
                342.7720031738281,
                7460.56982421875
            ],
            "ypr": [
                -5.42317008972168,
                0.0,
                0.0
            ]
        },
        {
            "name": "StaticObj_Wall_VilVar2_4_2",
            "pos": [
                3005.29248046875,
                342.7417907714844,
                7460.5048828125
            ],
            "ypr": [
                3.1768476963043215,
                0.0,
                0.0
            ]
        },
        {
            "name": "StaticObj_Garbage_Pile4",
            "pos": [
                3007.103759765625,
                342.4100341796875,
                7469.55810546875
            ],
            "ypr": [
                80.99995422363281,
                -0.0,
                -0.0
            ]
        },
        {
            "name": "StaticObj_Garbage_Pile6",
            "pos": [
                3007.03759765625,
                342.32958984375,
                7466.287109375
            ],
            "ypr": [
                -62.99997329711914,
                0.0,
                0.0
            ]
        },
        {
            "name": "StaticObj_Garbage_Pile7",
            "pos": [
                3006.156494140625,
                342.6608581542969,
                7467.27099609375
            ],
            "ypr": [
                -89.99995422363281,
                0.0,
                0.0
            ]
        },
        {
            "name": "StaticObj_Misc_Barbedwire",
            "pos": [
                2967.5888671875,
                344.4175109863281,
                7498.6630859375
            ],
            "ypr": [
                -27.0,
                0.0,
                0.0
            ]
        },
        {
            "name": "StaticObj_Misc_Barbedwire",
            "pos": [
                2956.540771484375,
                344.6383361816406,
                7489.93359375
            ],
            "ypr": [
                130.9254913330078,
                0.0,
                0.0
            ]
        },
        {
            "name": "StaticObj_Misc_Barbedwire",
            "pos": [
                2953.659912109375,
                344.1234436035156,
                7478.47998046875
            ],
            "ypr": [
                -89.27278900146485,
                0.0,
                -5.499999046325684
            ]
        },
        {
            "name": "StaticObj_Misc_Barbedwire",
            "pos": [
                2956.25,
                342.98992919921877,
                7464.64013671875
            ],
            "ypr": [
                68.652587890625,
                0.0,
                6.5
            ]
        },
        {
            "name": "Land_Container_1Bo",
            "pos": [
                2964.570068359375,
                344.591552734375,
                7489.4501953125
            ],
            "ypr": [
                45.0,
                -0.9999998211860657,
                3.9999992847442629
            ]
        },
        {
            "name": "Land_Container_1Moh",
            "pos": [
                2960.669921875,
                342.9339599609375,
                7462.56982421875
            ],
            "ypr": [
                -135.0,
                -1.5,
                -0.9999996423721314
            ]
        },
        {
            "name": "Land_Container_1Mo",
            "pos": [
                2957.889892578125,
                344.2770080566406,
                7476.4501953125
            ],
            "ypr": [
                -9.0,
                3.499999523162842,
                0.0
            ]
        },
        {
            "name": "StaticObj_Tisy_Garages_Grass_L",
            "pos": [
                2983.159912109375,
                334.8732604980469,
                7468.5
            ],
            "ypr": [
                9.0,
                2.499999523162842,
                1.9999996423721314
            ]
        },
        {
            "name": "StaticObj_Mil_ReinforcedTank1_Grass",
            "pos": [
                2983.259521484375,
                336.14715576171877,
                7491.2373046875
            ],
            "ypr": [
                0.0,
                -0.0,
                -0.0
            ]
        },
        {
            "name": "StaticObj_Mil_ReinforcedTank2_Grass_Top",
            "pos": [
                2984.419921875,
                334.16357421875,
                7522.2900390625
            ],
            "ypr": [
                0.0,
                -0.9999998211860657,
                1.9999996423721314
            ]
        },
        {
            "name": "StaticObj_Tisy_Garages_Grass_L",
            "pos": [
                2988.59033203125,
                336.1078186035156,
                7516.42919921875
            ],
            "ypr": [
                9.0,
                -0.0,
                -0.0
            ]
        },
        {
            "name": "StaticObj_Mil_ReinforcedTank1_Grass",
            "pos": [
                2985.25048828125,
                336.66656494140627,
                7515.70654296875
            ],
            "ypr": [
                89.21060180664063,
                -0.0,
                -0.0
            ]
        },
        {
            "name": "StaticObj_Tisy_Garages_Grass_L",
            "pos": [
                2966.22998046875,
                329.84991455078127,
                7412.7998046875
            ],
            "ypr": [
                33.0,
                10.999998092651368,
                2.5
            ]
        },
        {
            "name": "StaticObj_Mil_ReinforcedTank1_Grass",
            "pos": [
                2996.390869140625,
                335.606201171875,
                7464.9169921875
            ],
            "ypr": [
                -58.29005432128906,
                -0.0,
                -0.0
            ]
        },
        {
            "name": "StaticObj_Mil_ReinforcedTank1_Grass",
            "pos": [
                2995.469970703125,
                335.6890869140625,
                7465.240234375
            ],
            "ypr": [
                0.0,
                0.49999991059303286,
                -2.499999523162842
            ]
        },
        {
            "name": "StaticObj_Tisy_Garages_Grass_L",
            "pos": [
                2993.949951171875,
                334.9984436035156,
                7466.97998046875
            ],
            "ypr": [
                -98.9998779296875,
                1.5,
                1.9999996423721314
            ]
        },
        {
            "name": "StaticObj_Wreck_Ural",
            "pos": [
                2970.35009765625,
                343.3524475097656,
                7466.2900390625
            ],
            "ypr": [
                -98.9998779296875,
                -1.5,
                -1.9999996423721314
            ]
        },
        {
            "name": "StaticObj_Wreck_BMP1",
            "pos": [
                2927.6298828125,
                348.073974609375,
                7511.39990234375
            ],
            "ypr": [
                -53.999996185302737,
                5.499999046325684,
                -0.9999996423721314
            ]
        }
    ]
}