{
    "Objects": [
        {
            "name": "Land_Mil_Tent_Big2_4",
            "pos": [
                2650.525390625,
                128.947021484375,
                3019.903076171875
            ],
            "ypr": [
                0.0,
                4.1755690574646,
                -2.056215286254883
            ]
        },
        {
            "name": "StaticObj_Misc_Barbedwire",
            "pos": [
                2662.189697265625,
                128.13722229003907,
                3026.68603515625
            ],
            "ypr": [
                0.0,
                4.928182601928711,
                0.7610562443733215
            ]
        },
        {
            "name": "StaticObj_Wall_CncBarrier_4Block",
            "pos": [
                2669.68115234375,
                125.83316040039063,
                2997.9970703125
            ],
            "ypr": [
                0.0,
                6.337050914764404,
                0.5314781069755554
            ]
        },
        {
            "name": "StaticObj_Wall_CncBarrier_4Block",
            "pos": [
                2661.691162109375,
                126.7818374633789,
                3005.87939453125
            ],
            "ypr": [
                0.0,
                5.893866539001465,
                0.9117007255554199
            ]
        },
        {
            "name": "StaticObj_Misc_Barbedwire",
            "pos": [
                2685.718505859375,
                128.86964416503907,
                3017.86083984375
            ],
            "ypr": [
                44.402244567871097,
                6.157365322113037,
                -2.1025493144989015
            ]
        },
       
        {
            "name": "StaticObj_Misc_Table",
            "pos": [
                2656.62451171875,
                127.37970733642578,
                3017.64794921875
            ],
            "ypr": [
                0.0,
                4.178410053253174,
                0.9904206991195679
            ]
        },
        {
            "name": "StaticObj_Garbage_Pile5",
            "pos": [
                2656.330078125,
                124.11699676513672,
                2990.1201171875
            ],
            "ypr": [
                0.0,
                8.099800109863282,
                -2.870919704437256
            ]
        },
        {
            "name": "StaticObj_Roadblock_Bags_Curve",
            "pos": [
                3830.421142578125,
                236.72015380859376,
                4785.2861328125
            ],
            "ypr": [
                -26.548994064331056,
                2.2825493812561037,
                2.1843721866607668
            ]
        },
        {
            "name": "StaticObj_Roadblock_Bags_Curve",
            "pos": [
                3857.52880859375,
                235.34075927734376,
                4789.1513671875
            ],
            "ypr": [
                151.63511657714845,
                -1.8047412633895875,
                -2.0605547428131105
            ]
        },
        {
            "name": "StaticObj_Roadblock_Bags_Long",
            "pos": [
                3846.352783203125,
                235.151611328125,
                4779.84033203125
            ],
            "ypr": [
                -75.99671936035156,
                2.9564342498779299,
                -0.205215185880661
            ]
        },
        {
            "name": "StaticObj_Roadblock_Bags_Long",
            "pos": [
                3843.197021484375,
                235.33712768554688,
                4780.81396484375
            ],
            "ypr": [
                110.78956604003906,
                -2.959928274154663,
                -0.1460428684949875
            ]
        },
        {
            "name": "StaticObj_Roadblock_Bags_Long",
            "pos": [
                3840.164306640625,
                235.5126953125,
                4782.07177734375
            ],
            "ypr": [
                -67.94328308105469,
                3.0964162349700929,
                0.2688261568546295
            ]
        },
        {
            "name": "StaticObj_Roadblock_Bags_Long",
            "pos": [
                3837.174072265625,
                235.68736267089845,
                4783.2734375
            ],
            "ypr": [
                112.10392761230469,
                -3.0961947441101076,
                -0.27138254046440127
            ]
        },
        {
            "name": "StaticObj_Roadblock_Bags_Long",
            "pos": [
                3841.06494140625,
                235.28050231933595,
                4794.119140625
            ],
            "ypr": [
                -74.48802947998047,
                0.988491952419281,
                3.1243093013763429
            ]
        },
        {
            "name": "StaticObj_Roadblock_Bags_Long",
            "pos": [
                3850.43701171875,
                235.28050231933595,
                4791.2578125
            ],
            "ypr": [
                107.45201873779297,
                -0.9190690517425537,
                -2.952728271484375
            ]
        },
        {
            "name": "StaticObj_Roadblock_Bags_Long",
            "pos": [
                3847.228515625,
                235.28050231933595,
                4792.0341796875
            ],
            "ypr": [
                105.45645904541016,
                -3.212238311767578,
                -0.09820421785116196
            ]
        },
        {
            "name": "StaticObj_Roadblock_Bags_Long",
            "pos": [
                3844.120849609375,
                235.28050231933595,
                4793.10302734375
            ],
            "ypr": [
                -74.48802947998047,
                0.988491952419281,
                3.1243093013763429
            ]
        },
        {
            "name": "StaticObj_Roadblock_Bags_Curve",
            "pos": [
                3834.57373046875,
                236.48046875,
                4795.75634765625
            ],
            "ypr": [
                63.81424331665039,
                -2.332289934158325,
                2.338685989379883
            ]
        },
        {
            "name": "StaticObj_Roadblock_Bags_Curve",
            "pos": [
                3855.645751953125,
                235.28457641601563,
                4778.60009765625
            ],
            "ypr": [
                -140.53189086914063,
                1.225759506225586,
                -2.450584650039673
            ]
        },
       
        {
            "name": "StaticObj_Misc_Barbedwire",
            "pos": [
                3822.994384765625,
                236.7635955810547,
                4791.16064453125
            ],
            "ypr": [
                -69.59980773925781,
                3.084756374359131,
                0.009470172226428986
            ]
        },
        {
            "name": "StaticObj_Misc_Barbedwire",
            "pos": [
                3819.370849609375,
                237.1905059814453,
                4799.0068359375
            ],
            "ypr": [
                111.18201446533203,
                -3.013753890991211,
                -0.02407611533999443
            ]
        },
        {
            "name": "StaticObj_Misc_Barbedwire",
            "pos": [
                3872.057373046875,
                234.2499237060547,
                4776.60302734375
            ],
            "ypr": [
                102.20044708251953,
                -2.4976584911346437,
                0.005977359134703875
            ]
        },
        {
            "name": "StaticObj_Misc_Barbedwire",
            "pos": [
                3866.496337890625,
                234.56105041503907,
                4784.15234375
            ],
            "ypr": [
                -82.54681396484375,
                2.5639097690582277,
                -0.20296016335487367
            ]
        },
        {
            "name": "Land_Roadblock_WoodenCrate",
            "pos": [
                3843.449951171875,
                235.22000122070313,
                4791.02001953125
            ],
            "ypr": [
                99.6453857421875,
                -3.207359552383423,
                0.2280469536781311
            ]
        },
        {
            "name": "Land_Roadblock_Table",
            "pos": [
                3845.776123046875,
                235.2490692138672,
                4790.39208984375
            ],
            "ypr": [
                0.0,
                0.7619360089302063,
                3.128687858581543
            ]
        },
        {
            "name": "Land_Roadblock_Table",
            "pos": [
                3848.23046875,
                235.11273193359376,
                4789.9375
            ],
            "ypr": [
                0.0,
                0.7622869610786438,
                2.824014663696289
            ]
        },
        {
            "name": "Land_Roadblock_WoodenCrate",
            "pos": [
                3841.0400390625,
                235.4290008544922,
                4791.990234375
            ],
            "ypr": [
                -59.889888763427737,
                3.084829568862915,
                0.9089519381523132
            ]
        },
        {
            "name": "Land_Roadblock_WoodenCrate",
            "pos": [
                3850.6298828125,
                234.86199951171876,
                4789.83984375
            ],
            "ypr": [
                120.10999298095703,
                -2.822439670562744,
                -0.7560999989509583
            ]
        },
        {
            "name": "StaticObj_Roadblock_Pillbox",
            "pos": [
                10242.1455078125,
                26.70664405822754,
                3178.037841796875
            ],
            "ypr": [
                126.79631042480469,
                -0.406804621219635,
                3.6014957427978517
            ]
        },
        {
            "name": "StaticObj_Roadblock_Pillbox",
            "pos": [
                10256.720703125,
                28.23167610168457,
                3199.2998046875
            ],
            "ypr": [
                -42.56843566894531,
                0.34620851278305056,
                -6.925816059112549
            ]
        },
        {
            "name": "StaticObj_Roadblock_CncBlocks_Long",
            "pos": [
                10232.396484375,
                25.73345375061035,
                3168.346923828125
            ],
            "ypr": [
                130.52906799316407,
                0.33238059282302859,
                0.7867102026939392
            ]
        },
        {
            "name": "StaticObj_Roadblock_CncBlocks_Long",
            "pos": [
                10231.2001953125,
                25.570899963378908,
                3157.570068359375
            ],
            "ypr": [
                -64.74568939208985,
                -0.036500897258520129,
                -0.1016879677772522
            ]
        },
        {
            "name": "StaticObj_Roadblock_CncBlocks_short",
            "pos": [
                10262.099609375,
                29.049800872802736,
                3212.02001953125
            ],
            "ypr": [
                129.76698303222657,
                -1.5432695150375367,
                5.547189712524414
            ]
        },
        {
            "name": "StaticObj_Roadblock_CncBlocks_short",
            "pos": [
                10272.0,
                30.59309959411621,
                3219.89990234375
            ],
            "ypr": [
                133.23196411132813,
                -3.0475499629974367,
                9.767609596252442
            ]
        },
        {
            "name": "StaticObj_Misc_Barbedwire",
            "pos": [
                10244.6015625,
                27.203615188598634,
                3204.6806640625
            ],
            "ypr": [
                0.0,
                0.6831663250923157,
                -4.952898979187012
            ]
        },
      
        {
            "name": "Land_Mil_Tent_Big2_4",
            "pos": [
                10077.099609375,
                259.33099365234377,
                8854.8095703125
            ],
            "ypr": [
                -10.0035982131958,
                -5.199449062347412,
                7.154120922088623
            ]
        },
        {
            "name": "StaticObj_Mil_HBarrier_6m",
            "pos": [
                10052.7890625,
                260.6203308105469,
                8853.2607421875
            ],
            "ypr": [
                -108.37393951416016,
                7.382025241851807,
                1.277225375175476
            ]
        },
        {
            "name": "StaticObj_Mil_HBarrier_6m",
            "pos": [
                10060.8427734375,
                259.39178466796877,
                8861.7783203125
            ],
            "ypr": [
                83.0238037109375,
                -7.804452896118164,
                -2.3318097591400148
            ]
        },
        {
            "name": "StaticObj_Mil_HBarrier_6m",
            "pos": [
                10100.5693359375,
                255.49679565429688,
                8869.0458984375
            ],
            "ypr": [
                -113.37158203125,
                6.254306793212891,
                1.7451504468917847
            ]
        },
        {
            "name": "StaticObj_Mil_HBarrier_6m",
            "pos": [
                10108.10546875,
                254.00790405273438,
                8877.154296875
            ],
            "ypr": [
                -107.41092681884766,
                7.497696399688721,
                2.3852877616882326
            ]
        },
        {
            "name": "StaticObj_Misc_Barbedwire",
            "pos": [
                10058.6279296875,
                260.6369934082031,
                8846.2744140625
            ],
            "ypr": [
                19.45051383972168,
                -7.771653652191162,
                3.8752801418304445
            ]
        },
        {
            "name": "StaticObj_Misc_Barbedwire",
            "pos": [
                10067.1962890625,
                260.2801818847656,
                8845.431640625
            ],
            "ypr": [
                0.0,
                0.0,
                -0.0
            ]
        },
        {
            "name": "StaticObj_Misc_Barbedwire",
            "pos": [
                10025.5400390625,
                263.7936706542969,
                8857.7734375
            ],
            "ypr": [
                43.20267105102539,
                -8.047871589660645,
                0.04125821217894554
            ]
        },
        {
            "name": "StaticObj_Misc_Barbedwire",
            "pos": [
                10112.4609375,
                252.70822143554688,
                8884.5625
            ],
            "ypr": [
                141.2753448486328,
                2.1486644744873049,
                -9.97462272644043
            ]
        },
        {
            "name": "StaticObj_Misc_Barbedwire",
            "pos": [
                10082.2294921875,
                257.07904052734377,
                8876.8173828125
            ],
            "ypr": [
                166.45204162597657,
                -2.651857376098633,
                -2.8892362117767336
            ]
        },
        {
            "name": "StaticObj_Misc_Barbedwire",
            "pos": [
                10070.740234375,
                258.02410888671877,
                8873.228515625
            ],
            "ypr": [
                -18.696203231811525,
                -3.878136396408081,
                9.381077766418457
            ]
        },
        
       
        {
            "name": "StaticObj_Misc_Barbedwire",
            "pos": [
                7089.2041015625,
                256.249267578125,
                6498.49072265625
            ],
            "ypr": [
                0.0,
                0.2291705459356308,
                -0.0764683187007904
            ]
        },
        {
            "name": "StaticObj_Misc_Barbedwire",
            "pos": [
                7097.484375,
                256.3913269042969,
                6488.38720703125
            ],
            "ypr": [
                0.0,
                -1.069202184677124,
                -0.15267784893512727
            ]
        },
        {
            "name": "StaticObj_Misc_Barbedwire",
            "pos": [
                7104.45458984375,
                257.2581787109375,
                6466.9326171875
            ],
            "ypr": [
                -24.84954833984375,
                -1.9137409925460816,
                0.04514026269316673
            ]
        },
        {
            "name": "StaticObj_Misc_Barbedwire",
            "pos": [
                7095.5654296875,
                257.0440673828125,
                6470.40478515625
            ],
            "ypr": [
                -24.799949645996095,
                -2.0519826412200929,
                0.107490174472332
            ]
        },
        {
            "name": "Land_Shed_M3",
            "pos": [
                7086.27978515625,
                257.1860046386719,
                6482.81982421875
            ],
            "ypr": [
                0.0,
                -1.4343299865722657,
                7.442080020904541
            ]
        },
        {
            "name": "Land_Shed_W5",
            "pos": [
                7085.58984375,
                257.375,
                6488.33984375
            ],
            "ypr": [
                -177.04598999023438,
                1.2142499685287476,
                -8.890358924865723
            ]
        },
        {
            "name": "StaticObj_Furniture_foldingbed_open",
            "pos": [
                7084.7001953125,
                256.0299987792969,
                6487.4501953125
            ],
            "ypr": [
                -88.80538177490235,
                7.347919464111328,
                1.5934299230575562
            ]
        },
        {
            "name": "StaticObj_Furniture_foldingbed_open",
            "pos": [
                7084.52978515625,
                256.0299987792969,
                6489.18017578125
            ],
            "ypr": [
                -86.53478240966797,
                7.317709922790527,
                1.2802799940109254
            ]
        },
        {
            "name": "Land_Roadblock_Table",
            "pos": [
                7100.1279296875,
                256.30401611328127,
                6480.0146484375
            ],
            "ypr": [
                -111.30828857421875,
                -0.0020372639410197736,
                1.8860787153244019
            ]
        },
        {
            "name": "Land_Roadblock_Table",
            "pos": [
                7101.173828125,
                256.4090576171875,
                6477.8427734375
            ],
            "ypr": [
                67.2141342163086,
                -0.31257253885269167,
                -2.518390655517578
            ]
        },
        {
            "name": "Land_Roadblock_Table",
            "pos": [
                7100.1201171875,
                256.2298278808594,
                6482.419921875
            ],
            "ypr": [
                0.0,
                -2.2887938022613527,
                -0.15258242189884187
            ]
        },
        {
            "name": "Land_Roadblock_WoodenCrate",
            "pos": [
                7102.1201171875,
                256.35400390625,
                6475.52978515625
            ],
            "ypr": [
                2.822779893875122,
                -2.4039700031280519,
                -0.8063120245933533
            ]
        },
        {
            "name": "Land_Roadblock_WoodenCrate",
            "pos": [
                7103.81005859375,
                256.46600341796877,
                6473.52001953125
            ],
            "ypr": [
                -20.358299255371095,
                -2.6062498092651369,
                -0.008985939435660839
            ]
        },
        
        {
            "name": "StaticObj_Roadblock_CncBlock",
            "pos": [
                6609.916015625,
                139.54885864257813,
                12720.9482421875
            ],
            "ypr": [
                0.0,
                -0.1527605801820755,
                1.6039081811904908
            ]
        },
        {
            "name": "StaticObj_Roadblock_CncBlock",
            "pos": [
                6602.8779296875,
                140.00909423828126,
                12719.4365234375
            ],
            "ypr": [
                0.0241413414478302,
                -2.055704116821289,
                4.570034503936768
            ]
        },
        {
            "name": "StaticObj_Roadblock_CncBlock",
            "pos": [
                6597.1474609375,
                140.5755615234375,
                12717.615234375
            ],
            "ypr": [
                -0.23615196347236634,
                -2.867586612701416,
                4.7316670417785648
            ]
        },
        {
            "name": "StaticObj_Roadblock_CncBlock",
            "pos": [
                6618.14599609375,
                139.3947296142578,
                12724.0703125
            ],
            "ypr": [
                0.0012223563389852644,
                0.15280582010746003,
                0.45833951234817507
            ]
        },
        {
            "name": "StaticObj_Roadblock_CncBlock",
            "pos": [
                6622.66845703125,
                139.3490447998047,
                12721.494140625
            ],
            "ypr": [
                0.0012223563389852644,
                0.0,
                -0.0
            ]
        },
        {
            "name": "StaticObj_Roadblock_CncBlock",
            "pos": [
                6627.107421875,
                139.3540496826172,
                12718.7392578125
            ],
            "ypr": [
                0.0,
                -0.22917073965072633,
                -0.0
            ]
        },
        {
            "name": "StaticObj_Roadblock_CncBlock",
            "pos": [
                6661.30224609375,
                138.25001525878907,
                12701.4892578125
            ],
            "ypr": [
                26.334640502929689,
                0.8904972672462463,
                0.6113162636756897
            ]
        },
        {
            "name": "StaticObj_Roadblock_CncBlock",
            "pos": [
                6656.62353515625,
                138.48263549804688,
                12704.119140625
            ],
            "ypr": [
                -151.25567626953126,
                0.5309180617332459,
                -3.1900789737701418
            ]
        },
        {
            "name": "StaticObj_Roadblock_CncBlock",
            "pos": [
                6652.92919921875,
                138.69406127929688,
                12704.8876953125
            ],
            "ypr": [
                -141.07872009277345,
                1.0858094692230225,
                -3.0458908081054689
            ]
        },
        {
            "name": "StaticObj_Roadblock_CncBlock",
            "pos": [
                6645.72314453125,
                139.10914611816407,
                12703.2587890625
            ],
            "ypr": [
                -153.29188537597657,
                1.032312035560608,
                -4.08957576751709
            ]
        },
        {
            "name": "StaticObj_Roadblock_CncBlock",
            "pos": [
                6643.6650390625,
                139.25709533691407,
                12707.248046875
            ],
            "ypr": [
                -151.13966369628907,
                -0.5241344571113586,
                -1.4224977493286133
            ]
        },
        {
            "name": "StaticObj_Roadblock_CncBlock",
            "pos": [
                6640.69775390625,
                139.3802490234375,
                12710.833984375
            ],
            "ypr": [
                33.518009185791019,
                0.40691325068473818,
                1.4603757858276368
            ]
        },
        {
            "name": "StaticObj_Misc_Barbedwire",
            "pos": [
                6654.44677734375,
                138.9833984375,
                12692.7548828125
            ],
            "ypr": [
                -74.89889526367188,
                3.198218822479248,
                2.758997678756714
            ]
        },
        {
            "name": "StaticObj_Misc_Barbedwire",
            "pos": [
                6649.0810546875,
                139.4186553955078,
                12690.60546875
            ],
            "ypr": [
                -72.32771301269531,
                3.115328788757324,
                2.514038324356079
            ]
        },
        {
            "name": "StaticObj_Misc_Barbedwire",
            "pos": [
                6666.96142578125,
                139.15284729003907,
                12706.2919921875
            ],
            "ypr": [
                131.6032257080078,
                -2.517838954925537,
                14.245572090148926
            ]
        },
        {
            "name": "StaticObj_Misc_Barbedwire",
            "pos": [
                6594.9111328125,
                141.38844299316407,
                12712.1806640625
            ],
            "ypr": [
                -59.116233825683597,
                4.178736209869385,
                1.1711994409561158
            ]
        },
        {
            "name": "StaticObj_Misc_Barbedwire",
            "pos": [
                6596.228515625,
                141.21803283691407,
                12732.662109375
            ],
            "ypr": [
                -117.42230987548828,
                1.4296656847000123,
                -4.518892288208008
            ]
        },
        {
            "name": "StaticObj_Misc_Barbedwire",
            "pos": [
                6590.564453125,
                141.92916870117188,
                12738.572265625
            ],
            "ypr": [
                -107.56925201416016,
                0.4952331781387329,
                -5.747067451477051
            ]
        },
        {
            "name": "StaticObj_Misc_Barbedwire",
            "pos": [
                6583.66259765625,
                143.08782958984376,
                12746.2509765625
            ],
            "ypr": [
                -117.5762939453125,
                1.7045423984527588,
                -3.8160789012908937
            ]
        },
        {
            "name": "Land_Mil_Fortified_Nest_Watchtower",
            "pos": [
                6603.39697265625,
                142.03366088867188,
                12711.77734375
            ],
            "ypr": [
                93.08938598632813,
                -5.297170162200928,
                -1.7336983680725098
            ]
        },
        {
            "name": "Land_Mil_Fortified_Nest_Watchtower",
            "pos": [
                6640.46337890625,
                141.26693725585938,
                12696.669921875
            ],
            "ypr": [
                -64.16983032226563,
                2.9326391220092775,
                3.030517578125
            ]
        },
        {
            "name": "Land_Mil_Tent_Big2_4",
            "pos": [
                2363.349365234375,
                369.6060791015625,
                14132.3388671875
            ],
            "ypr": [
                67.66272735595703,
                -1.3001850843429566,
                0.4516899883747101
            ]
        },
        {
            "name": "StaticObj_Roadblock_Bags_Curve",
            "pos": [
                2359.17578125,
                369.01361083984377,
                14140.927734375
            ],
            "ypr": [
                57.493919372558597,
                -5.993651390075684,
                3.4736595153808595
            ]
        },
        {
            "name": "StaticObj_Roadblock_Bags_Curve",
            "pos": [
                2364.50341796875,
                368.9355773925781,
                14121.2724609375
            ],
            "ypr": [
                -96.75716400146485,
                1.6043760776519776,
                4.491054058074951
            ]
        },
        {
            "name": "StaticObj_Misc_Barbedwire",
            "pos": [
                2377.76708984375,
                365.677978515625,
                14139.6650390625
            ],
            "ypr": [
                -126.87899780273438,
                13.997093200683594,
                -1.8657199144363404
            ]
        },
        {
            "name": "StaticObj_Misc_Barbedwire",
            "pos": [
                2375.076416015625,
                367.1789245605469,
                14131.8564453125
            ],
            "ypr": [
                116.1669921875,
                -9.112834930419922,
                -6.11651611328125
            ]
        },
        {
            "name": "StaticObj_Misc_Barbedwire",
            "pos": [
                2341.417724609375,
                372.0706787109375,
                14156.2880859375
            ],
            "ypr": [
                -57.44570541381836,
                8.497844696044922,
                -0.3583434224128723
            ]
        },
        {
            "name": "StaticObj_Misc_Barbedwire",
            "pos": [
                2365.4912109375,
                370.3577880859375,
                14103.9072265625
            ],
            "ypr": [
                0.0,
                -5.449313640594482,
                -0.8365536332130432
            ]
        }
       
    ]
}