{
	"Objects": [
{
              "name": "DZ\\plants_bliss\\clutter\\c_grassdry_summer.p3d",
              "pos": [
              4789.133788999998,
              261.452759,
              6596.745116999999
            ],
              "ypr": [
              0,
              0,
              0
              ],
              "scale": 1
          },
{
              "name": "DZ\\plants_bliss\\clutter\\c_grassdry_summer.p3d",
              "pos": [
              4791.1147459999975,
              261.52359,
              6593.020018999999
            ],
              "ypr": [
              0,
              0,
              0
              ],
              "scale": 1
          },
{
              "name": "DZ\\plants_bliss\\clutter\\c_grassdry_summer.p3d",
              "pos": [
              4789.873534999997,
              261.559693,
              6592.522460999999
            ],
              "ypr": [
              0,
              0,
              0
              ],
              "scale": 1
          },
{
              "name": "DZ\\plants_bliss\\clutter\\c_grassdry_summer.p3d",
              "pos": [
              4791.435546999997,
              261.57193,
              6590.817381999999
            ],
              "ypr": [
              0,
              0,
              0
              ],
              "scale": 1
          },
{
              "name": "DZ\\plants_bliss\\clutter\\c_grassdry_summer.p3d",
              "pos": [
              4793.171386999998,
              261.573914,
              6589.589354999999
            ],
              "ypr": [
              0,
              0,
              0
              ],
              "scale": 1
          },
{
              "name": "DZ\\plants_bliss\\clutter\\c_grassdry_summer.p3d",
              "pos": [
              4789.643066999997,
              261.54922500000004,
              6593.501463999999
            ],
              "ypr": [
              0,
              0,
              0
              ],
              "scale": 1
          },
{
              "name": "DZ\\plants_bliss\\clutter\\c_grassdry_summer.p3d",
              "pos": [
              4784.966308999998,
              261.663605,
              6590.898924999999
            ],
              "ypr": [
              0,
              0,
              0
              ],
              "scale": 1
          },
{
              "name": "DZ\\plants_bliss\\clutter\\c_grassdry_summer.p3d",
              "pos": [
              4783.199218999997,
              261.567871,
              6591.218260999999
            ],
              "ypr": [
              0,
              0,
              0
              ],
              "scale": 1
          },
{
              "name": "DZ\\plants_bliss\\clutter\\c_grassdry_summer.p3d",
              "pos": [
              4785.191405999997,
              261.66269,
              6589.225585999999
            ],
              "ypr": [
              0,
              0,
              0
              ],
              "scale": 1
          },
{
              "name": "DZ\\plants_bliss\\clutter\\c_grassdry_summer.p3d",
              "pos": [
              4788.0527349999975,
              261.685028,
              6589.020506999999
            ],
              "ypr": [
              0,
              0,
              0
              ],
              "scale": 1
          },
{
              "name": "DZ\\plants_bliss\\clutter\\c_grassdry_summer.p3d",
              "pos": [
              4787.401366999998,
              261.675415,
              6590.386717999999
            ],
              "ypr": [
              0,
              0,
              0
              ],
              "scale": 1
          },
{
              "name": "DZ\\plants_bliss\\clutter\\c_grassdry_summer.p3d",
              "pos": [
              4788.850097999997,
              261.658051,
              6589.834471999999
            ],
              "ypr": [
              0,
              0,
              0
              ],
              "scale": 1
          },
{
              "name": "DZ\\plants_bliss\\clutter\\c_grassdry_summer.p3d",
              "pos": [
              4784.437011999998,
              261.573548,
              6597.866698999999
            ],
              "ypr": [
              0,
              0,
              0
              ],
              "scale": 1
          },
{
              "name": "DZ\\plants_bliss\\clutter\\c_grassdry_summer.p3d",
              "pos": [
              4782.6308599999975,
              261.51480100000003,
              6599.430663999999
            ],
              "ypr": [
              0,
              0,
              0
              ],
              "scale": 1
          },
{
              "name": "DZ\\plants_bliss\\clutter\\c_grassdry_summer.p3d",
              "pos": [
              4783.026855999998,
              261.506592,
              6600.249022999999
            ],
              "ypr": [
              0,
              0,
              0
              ],
              "scale": 1
          },
{
              "name": "DZ\\plants_bliss\\clutter\\c_grassdry_summer.p3d",
              "pos": [
              4770.492675999997,
              261.40310700000003,
              6628.951659999999
            ],
              "ypr": [
              0,
              0,
              0
              ],
              "scale": 1
          },
{
              "name": "DZ\\plants_bliss\\clutter\\c_grassdry_summer.p3d",
              "pos": [
              4768.592284999997,
              261.42746,
              6628.794432999999
            ],
              "ypr": [
              0,
              0,
              0
              ],
              "scale": 1
          },
{
              "name": "DZ\\plants_bliss\\clutter\\c_grassdry_summer.p3d",
              "pos": [
              4769.936034999997,
              261.355988,
              6627.3876949999985
            ],
              "ypr": [
              0,
              0,
              0
              ],
              "scale": 1
          },
{
              "name": "DZ\\plants_bliss\\clutter\\c_grassdry_summer.p3d",
              "pos": [
              4759.704589999998,
              263.883057,
              6662.264647999999
            ],
              "ypr": [
              0,
              0,
              0
              ],
              "scale": 1
          },
{
              "name": "DZ\\plants_bliss\\clutter\\c_grassdry_summer.p3d",
              "pos": [
              4759.386718999997,
              263.642762,
              6659.039061999999
            ],
              "ypr": [
              0,
              0,
              0
              ],
              "scale": 1
          },
{
              "name": "DZ\\plants_bliss\\clutter\\c_grassdry_summer.p3d",
              "pos": [
              4760.115722999997,
              263.668457,
              6659.7470699999985
            ],
              "ypr": [
              0,
              0,
              0
              ],
              "scale": 1
          },
{
              "name": "DZ\\plants_bliss\\clutter\\c_grassdry_summer.p3d",
              "pos": [
              4760.628905999997,
              263.756195,
              6661.094725999999
            ],
              "ypr": [
              0,
              0,
              0
              ],
              "scale": 1
          },
{
              "name": "DZ\\plants_bliss\\clutter\\c_grassdry_summer.p3d",
              "pos": [
              4761.519530999997,
              263.620789,
              6659.786131999999
            ],
              "ypr": [
              0,
              0,
              0
              ],
              "scale": 1
          },
{
              "name": "DZ\\plants_bliss\\clutter\\c_grassdry_summer.p3d",
              "pos": [
              4767.539062999997,
              263.88208000000003,
              6662.677245999999
            ],
              "ypr": [
              0,
              0,
              0
              ],
              "scale": 1
          },
{
              "name": "DZ\\plants_bliss\\clutter\\c_grassdry_summer.p3d",
              "pos": [
              4767.3022459999975,
              263.721894,
              6661.114745999999
            ],
              "ypr": [
              0,
              0,
              0
              ],
              "scale": 1
          },
{
              "name": "DZ\\plants_bliss\\clutter\\c_grassdry_summer.p3d",
              "pos": [
              4766.018066999997,
              263.801453,
              6661.906249999999
            ],
              "ypr": [
              0,
              0,
              0
              ],
              "scale": 1
          },
{
              "name": "DZ\\plants_bliss\\clutter\\c_grassdry_summer.p3d",
              "pos": [
              4776.686034999997,
              267.888916,
              6705.401366999999
            ],
              "ypr": [
              0,
              0,
              0
              ],
              "scale": 1
          },
{
              "name": "DZ\\plants_bliss\\clutter\\c_grassdry_summer.p3d",
              "pos": [
              4777.401366999998,
              267.570984,
              6703.221190999999
            ],
              "ypr": [
              0,
              0,
              0
              ],
              "scale": 1
          },
{
              "name": "DZ\\plants_bliss\\clutter\\c_grassdry_summer.p3d",
              "pos": [
              4770.913085999998,
              267.287323,
              6698.773924999999
            ],
              "ypr": [
              0,
              0,
              0
              ],
              "scale": 1
          },
{
              "name": "DZ\\plants_bliss\\clutter\\c_grassdry_summer.p3d",
              "pos": [
              4771.482421999997,
              267.604248,
              6701.160155999999
            ],
              "ypr": [
              0,
              0,
              0
              ],
              "scale": 1
          },
{
              "name": "DZ\\plants_bliss\\clutter\\c_grassdry_summer.p3d",
              "pos": [
              4771.898437999997,
              267.334961,
              6699.393553999999
            ],
              "ypr": [
              0,
              0,
              0
              ],
              "scale": 1
          },
{
              "name": "DZ\\plants_bliss\\clutter\\c_grassdry_summer.p3d",
              "pos": [
              4775.756835999998,
              268.680939,
              6710.906249999999
            ],
              "ypr": [
              0,
              0,
              0
              ],
              "scale": 1
          },
{
              "name": "DZ\\plants_bliss\\clutter\\c_grassdry_summer.p3d",
              "pos": [
              4774.116698999997,
              268.788361,
              6711.163085999999
            ],
              "ypr": [
              0,
              0,
              0
              ],
              "scale": 1
          },
{
              "name": "DZ\\plants_bliss\\clutter\\c_grassdry_summer.p3d",
              "pos": [
              4774.783202999997,
              268.625824,
              6710.192870999999
            ],
              "ypr": [
              0,
              0,
              0
              ],
              "scale": 1
          },
{
              "name": "DZ\\plants_bliss\\clutter\\c_grassdry_summer.p3d",
              "pos": [
              4769.770019999997,
              268.894928,
              6710.367674999999
            ],
              "ypr": [
              0,
              0,
              0
              ],
              "scale": 1
          },
{
              "name": "DZ\\plants_bliss\\clutter\\c_grassdry_summer.p3d",
              "pos": [
              4768.9746099999975,
              269.22995000000003,
              6713.387206999999
            ],
              "ypr": [
              0,
              0,
              0
              ],
              "scale": 1
          },
{
              "name": "DZ\\plants_bliss\\clutter\\c_grassdry_summer.p3d",
              "pos": [
              4770.388671999997,
              268.984589,
              6711.329588999999
            ],
              "ypr": [
              0,
              0,
              0
              ],
              "scale": 1
          },
{
              "name": "DZ\\plants_bliss\\clutter\\c_grassdry_summer.p3d",
              "pos": [
              4767.401855999998,
              269.311829,
              6713.795897999999
            ],
              "ypr": [
              0,
              0,
              0
              ],
              "scale": 1
          },
{
              "name": "DZ\\plants_bliss\\clutter\\c_grassdry_summer.p3d",
              "pos": [
              4767.817382999997,
              269.329895,
              6714.648436999999
            ],
              "ypr": [
              0,
              0,
              0
              ],
              "scale": 1
          },
{
              "name": "DZ\\plants_bliss\\clutter\\c_grassdry_summer.p3d",
              "pos": [
              4766.518066999997,
              269.399536,
              6715.034178999999
            ],
              "ypr": [
              0,
              0,
              0
              ],
              "scale": 1
          },
{
              "name": "DZ\\plants_bliss\\clutter\\c_grassdry_summer.p3d",
              "pos": [
              4766.371581999997,
              269.471527,
              6716.404296999999
            ],
              "ypr": [
              0,
              0,
              0
              ],
              "scale": 1
          },
{
              "name": "DZ\\plants_bliss\\clutter\\c_grassdry_summer.p3d",
              "pos": [
              4764.765136999998,
              269.508484,
              6715.917479999999
            ],
              "ypr": [
              0,
              0,
              0
              ],
              "scale": 1
          },
{
              "name": "DZ\\plants_bliss\\clutter\\c_grassdry_summer.p3d",
              "pos": [
              4765.649901999997,
              269.539429,
              6717.234862999999
            ],
              "ypr": [
              0,
              0,
              0
              ],
              "scale": 1
          },
{
              "name": "DZ\\plants_bliss\\clutter\\c_grassdry_summer.p3d",
              "pos": [
              4766.652343999997,
              269.622071,
              6718.409667999999
            ],
              "ypr": [
              0,
              0,
              0
              ],
              "scale": 1
          },
{
              "name": "DZ\\plants_bliss\\clutter\\c_grassdry_summer.p3d",
              "pos": [
              4766.0527349999975,
              269.747315,
              6720.234862999999
            ],
              "ypr": [
              0,
              0,
              0
              ],
              "scale": 1
          },
{
              "name": "DZ\\plants_bliss\\clutter\\c_grassdry_summer.p3d",
              "pos": [
              4767.539550999997,
              269.983185,
              6743.234862999999
            ],
              "ypr": [
              0,
              0,
              0
              ],
              "scale": 1
          },
{
              "name": "DZ\\plants_bliss\\clutter\\c_grassdry_summer.p3d",
              "pos": [
              4766.311523999997,
              269.989746,
              6743.413573999999
            ],
              "ypr": [
              0,
              0,
              0
              ],
              "scale": 1
          },
{
              "name": "DZ\\plants_bliss\\clutter\\c_grassdry_summer.p3d",
              "pos": [
              4766.5996099999975,
              269.984589,
              6741.958495999999
            ],
              "ypr": [
              0,
              0,
              0
              ],
              "scale": 1
          },
{
              "name": "DZ\\plants_bliss\\clutter\\c_grassdry_summer.p3d",
              "pos": [
              4761.657714999998,
              269.97540300000003,
              6738.920897999999
            ],
              "ypr": [
              0,
              0,
              0
              ],
              "scale": 1
          },
{
              "name": "DZ\\plants_bliss\\clutter\\c_grassdry_summer.p3d",
              "pos": [
              4761.530273999997,
              269.963745,
              6737.687499999999
            ],
              "ypr": [
              0,
              0,
              0
              ],
              "scale": 1
          },
{
              "name": "DZ\\plants_bliss\\clutter\\c_grassdry_summer.p3d",
              "pos": [
              4762.746581999997,
              269.969849,
              6738.270018999999
            ],
              "ypr": [
              0,
              0,
              0
              ],
              "scale": 1
          },
{
              "name": "DZ\\plants_bliss\\clutter\\c_grassdry_summer.p3d",
              "pos": [
              4761.516601999997,
              270.022156,
              6758.154784999999
            ],
              "ypr": [
              0,
              0,
              0
              ],
              "scale": 1
          },
{
              "name": "DZ\\plants_bliss\\clutter\\c_grassdry_summer.p3d",
              "pos": [
              4762.367675999997,
              270.028046,
              6756.914549999999
            ],
              "ypr": [
              0,
              0,
              0
              ],
              "scale": 1
          },
{
              "name": "DZ\\plants_bliss\\clutter\\c_grassdry_summer.p3d",
              "pos": [
              4763.0053709999975,
              270.019165,
              6758.409667999999
            ],
              "ypr": [
              0,
              0,
              0
              ],
              "scale": 1
          },
{
              "name": "DZ\\plants_bliss\\clutter\\c_grassdry_summer.p3d",
              "pos": [
              4768.613280999997,
              270.02862600000003,
              6756.468260999999
            ],
              "ypr": [
              0,
              0,
              0
              ],
              "scale": 1
          },
{
              "name": "DZ\\plants_bliss\\clutter\\c_grassdry_summer.p3d",
              "pos": [
              4769.1464849999975,
              270.026093,
              6754.572264999999
            ],
              "ypr": [
              0,
              0,
              0
              ],
              "scale": 1
          },
{
              "name": "DZ\\plants_bliss\\clutter\\c_grassdry_summer.p3d",
              "pos": [
              4769.3183599999975,
              270.02990800000003,
              6757.427245999999
            ],
              "ypr": [
              0,
              0,
              0
              ],
              "scale": 1
          },
{
              "name": "DZ\\plants_bliss\\clutter\\c_grassdry_summer.p3d",
              "pos": [
              4767.466308999998,
              270.02484200000004,
              6757.936034999999
            ],
              "ypr": [
              0,
              0,
              0
              ],
              "scale": 1
          },
{
              "name": "DZ\\plants_bliss\\clutter\\c_grassdry_summer.p3d",
              "pos": [
              4761.772460999998,
              269.96020500000003,
              6763.406249999999
            ],
              "ypr": [
              0,
              0,
              0
              ],
              "scale": 1
          },
{
              "name": "DZ\\plants_bliss\\clutter\\c_grassdry_summer.p3d",
              "pos": [
              4763.651366999998,
              269.952423,
              6763.905760999999
            ],
              "ypr": [
              0,
              0,
              0
              ],
              "scale": 1
          },
{
              "name": "DZ\\plants_bliss\\clutter\\c_grassdry_summer.p3d",
              "pos": [
              4763.086913999998,
              269.973206,
              6762.238768999999
            ],
              "ypr": [
              0,
              0,
              0
              ],
              "scale": 1
          },
{
              "name": "DZ\\plants_bliss\\clutter\\c_grassdry_summer.p3d",
              "pos": [
              4760.382812999997,
              269.962128,
              6763.401366999999
            ],
              "ypr": [
              0,
              0,
              0
              ],
              "scale": 1
          },
{
              "name": "DZ\\plants_bliss\\clutter\\c_grassdry_summer.p3d",
              "pos": [
              4760.879882999997,
              269.978394,
              6761.989745999999
            ],
              "ypr": [
              0,
              0,
              0
              ],
              "scale": 1
          },
{
              "name": "DZ\\plants_bliss\\clutter\\c_grassdry_summer.p3d",
              "pos": [
              4764.904296999997,
              269.85623200000003,
              6765.209960999999
            ],
              "ypr": [
              0,
              0,
              0
              ],
              "scale": 1
          },
{
              "name": "DZ\\plants_bliss\\clutter\\c_grassdry_summer.p3d",
              "pos": [
              4765.077636999998,
              269.923493,
              6763.466307999999
            ],
              "ypr": [
              0,
              0,
              0
              ],
              "scale": 1
          },
{
              "name": "DZ\\plants_bliss\\clutter\\c_grassdry_summer.p3d",
              "pos": [
              4776.406737999997,
              269.869355,
              6774.909178999999
            ],
              "ypr": [
              0,
              0,
              0
              ],
              "scale": 1
          },
{
              "name": "DZ\\plants_bliss\\clutter\\c_grassdry_summer.p3d",
              "pos": [
              4775.313476999997,
              269.809143,
              6772.746092999999
            ],
              "ypr": [
              0,
              0,
              0
              ],
              "scale": 1
          },
{
              "name": "DZ\\plants_bliss\\clutter\\c_grassdry_summer.p3d",
              "pos": [
              4774.938964999998,
              269.85537800000003,
              6774.201171999999
            ],
              "ypr": [
              0,
              0,
              0
              ],
              "scale": 1
          },
{
              "name": "DZ\\plants_bliss\\clutter\\c_grassdry_summer.p3d",
              "pos": [
              4769.195312999997,
              269.981202,
              6776.191893999999
            ],
              "ypr": [
              0,
              0,
              0
              ],
              "scale": 1
          },
{
              "name": "DZ\\plants_bliss\\clutter\\c_grassdry_summer.p3d",
              "pos": [
              4770.3784179999975,
              269.962586,
              6775.640624999999
            ],
              "ypr": [
              0,
              0,
              0
              ],
              "scale": 1
          },
{
              "name": "DZ\\plants_bliss\\clutter\\c_grassdry_summer.p3d",
              "pos": [
              4769.5346679999975,
              269.920411,
              6773.990233999999
            ],
              "ypr": [
              0,
              0,
              0
              ],
              "scale": 1
          },
{
              "name": "DZ\\plants_bliss\\clutter\\c_grassdry_summer.p3d",
              "pos": [
              4771.8647459999975,
              269.869324,
              6773.088866999999
            ],
              "ypr": [
              0,
              0,
              0
              ],
              "scale": 1
          },
{
              "name": "DZ\\plants_bliss\\clutter\\c_grassdry_summer.p3d",
              "pos": [
              4791.707519999997,
              270.269989,
              6795.066893999999
            ],
              "ypr": [
              0,
              0,
              0
              ],
              "scale": 1
          },
{
              "name": "DZ\\plants_bliss\\clutter\\c_grassdry_summer.p3d",
              "pos": [
              4790.794433999998,
              270.252777,
              6794.142577999999
            ],
              "ypr": [
              0,
              0,
              0
              ],
              "scale": 1
          },
{
              "name": "DZ\\plants_bliss\\clutter\\c_grassdry_summer.p3d",
              "pos": [
              4792.411132999997,
              270.214875,
              6792.246581999999
            ],
              "ypr": [
              0,
              0,
              0
              ],
              "scale": 1
          },
{
              "name": "DZ\\plants_bliss\\clutter\\c_grassdry_summer.p3d",
              "pos": [
              4798.517577999997,
              270.078461,
              6791.718260999999
            ],
              "ypr": [
              0,
              0,
              0
              ],
              "scale": 1
          },
{
              "name": "DZ\\plants_bliss\\clutter\\c_grassdry_summer.p3d",
              "pos": [
              4796.529296999997,
              270.07876600000003,
              6790.254881999999
            ],
              "ypr": [
              0,
              0,
              0
              ],
              "scale": 1
          },
{
              "name": "DZ\\plants_bliss\\clutter\\c_grassdry_summer.p3d",
              "pos": [
              4795.352538999998,
              270.114594,
              6790.635741999999
            ],
              "ypr": [
              0,
              0,
              0
              ],
              "scale": 1
          },
{
              "name": "DZ\\plants_bliss\\clutter\\c_grassdry_summer.p3d",
              "pos": [
              4791.576659999997,
              270.188385,
              6790.922850999999
            ],
              "ypr": [
              0,
              0,
              0
              ],
              "scale": 1
          },
{
              "name": "DZ\\plants_bliss\\clutter\\c_grassdry_summer.p3d",
              "pos": [
              4801.924316999997,
              270.30746500000004,
              6803.438475999999
            ],
              "ypr": [
              0,
              0,
              0
              ],
              "scale": 1
          },
{
              "name": "DZ\\plants_bliss\\clutter\\c_grassdry_summer.p3d",
              "pos": [
              4803.747558999998,
              270.305024,
              6802.564940999999
            ],
              "ypr": [
              0,
              0,
              0
              ],
              "scale": 1
          },
{
              "name": "DZ\\plants_bliss\\clutter\\c_grassdry_summer.p3d",
              "pos": [
              4801.813964999998,
              270.283478,
              6801.9658199999985
            ],
              "ypr": [
              0,
              0,
              0
              ],
              "scale": 1
          },
{
              "name": "DZ\\plants_bliss\\clutter\\c_grassdry_summer.p3d",
              "pos": [
              4762.594726999997,
              269.94543500000003,
              6764.552733999999
            ],
              "ypr": [
              0,
              0,
              0
              ],
              "scale": 1
          },
{
              "name": "DZ\\plants_bliss\\clutter\\c_grassdry_summer.p3d",
              "pos": [
              4807.095214999998,
              270.10220400000003,
              6798.122557999999
            ],
              "ypr": [
              0,
              0,
              0
              ],
              "scale": 1
          },
{
              "name": "DZ\\plants_bliss\\clutter\\c_grassdry_summer.p3d",
              "pos": [
              4806.291503999997,
              270.027405,
              6796.448729999999
            ],
              "ypr": [
              0,
              0,
              0
              ],
              "scale": 1
          },
{
              "name": "DZ\\plants_bliss\\clutter\\c_grassdry_summer.p3d",
              "pos": [
              4805.843261999998,
              270.120789,
              6798.496092999999
            ],
              "ypr": [
              0,
              0,
              0
              ],
              "scale": 1
          },
{
              "name": "DZ\\plants_bliss\\clutter\\c_grassdry_summer.p3d",
              "pos": [
              4815.2553709999975,
              270.034302,
              6807.812499999999
            ],
              "ypr": [
              0,
              0,
              0
              ],
              "scale": 1
          },
{
              "name": "DZ\\plants_bliss\\clutter\\c_grassdry_summer.p3d",
              "pos": [
              4813.081054999997,
              270.087616,
              6807.455565999999
            ],
              "ypr": [
              0,
              0,
              0
              ],
              "scale": 1
          },
{
              "name": "DZ\\plants_bliss\\clutter\\c_grassdry_summer.p3d",
              "pos": [
              4813.504394999997,
              270.042755,
              6806.389159999999
            ],
              "ypr": [
              0,
              0,
              0
              ],
              "scale": 1
          },
{
              "name": "DZ\\plants_bliss\\clutter\\c_grassdry_summer.p3d",
              "pos": [
              4810.261718999997,
              270.240479,
              6810.027342999999
            ],
              "ypr": [
              0,
              0,
              0
              ],
              "scale": 1
          },
{
              "name": "DZ\\plants_bliss\\clutter\\c_grassdry_summer.p3d",
              "pos": [
              4811.978026999997,
              270.129609,
              6807.894042999999
            ],
              "ypr": [
              0,
              0,
              0
              ],
              "scale": 1
          },
{
              "name": "DZ\\plants_bliss\\clutter\\c_grassdry_summer.p3d",
              "pos": [
              4809.359374999997,
              270.203553,
              6807.331542999999
            ],
              "ypr": [
              0,
              0,
              0
              ],
              "scale": 1
          },
{
              "name": "DZ\\plants_bliss\\clutter\\c_grassdry_summer.p3d",
              "pos": [
              4810.782714999998,
              270.122589,
              6806.365721999999
            ],
              "ypr": [
              0,
              0,
              0
              ],
              "scale": 1
          },
{
              "name": "DZ\\plants_bliss\\clutter\\c_grassdry_summer.p3d",
              "pos": [
              4814.653808999998,
              270.24240100000003,
              6828.662108999999
            ],
              "ypr": [
              0,
              0,
              0
              ],
              "scale": 1
          },
{
              "name": "DZ\\plants_bliss\\clutter\\c_grassdry_summer.p3d",
              "pos": [
              4816.829101999997,
              270.227906,
              6828.438475999999
            ],
              "ypr": [
              0,
              0,
              0
              ],
              "scale": 1
          },
{
              "name": "DZ\\plants_bliss\\clutter\\c_grassdry_summer.p3d",
              "pos": [
              4815.573730999998,
              270.236267,
              6827.656737999999
            ],
              "ypr": [
              0,
              0,
              0
              ],
              "scale": 1
          },
{
              "name": "DZ\\plants_bliss\\clutter\\c_grassdry_summer.p3d",
              "pos": [
              4820.735839999998,
              270.20187400000003,
              6826.657225999999
            ],
              "ypr": [
              0,
              0,
              0
              ],
              "scale": 1
          },
{
              "name": "DZ\\plants_bliss\\clutter\\c_grassdry_summer.p3d",
              "pos": [
              4821.217773999997,
              270.198639,
              6825.378905999999
            ],
              "ypr": [
              0,
              0,
              0
              ],
              "scale": 1
          },
{
              "name": "DZ\\plants_bliss\\clutter\\c_grassdry_summer.p3d",
              "pos": [
              4820.535644999997,
              270.207672,
              6828.106932999999
            ],
              "ypr": [
              0,
              0,
              0
              ],
              "scale": 1
          },
{
              "name": "DZ\\plants_bliss\\clutter\\c_grassdry_summer.p3d",
              "pos": [
              4821.289062999997,
              270.21801800000003,
              6831.193846999999
            ],
              "ypr": [
              0,
              0,
              0
              ],
              "scale": 1
          },
{
              "name": "DZ\\plants_bliss\\clutter\\c_grassdry_summer.p3d",
              "pos": [
              4820.124023999997,
              270.226288,
              6832.483885999999
            ],
              "ypr": [
              0,
              0,
              0
              ],
              "scale": 1
          },
{
              "name": "DZ\\plants_bliss\\clutter\\c_grassdry_summer.p3d",
              "pos": [
              4820.604491999998,
              270.217957,
              6830.719237999999
            ],
              "ypr": [
              0,
              0,
              0
              ],
              "scale": 1
          },
{
              "name": "DZ\\plants_bliss\\clutter\\c_grassdry_summer.p3d",
              "pos": [
              4824.888671999997,
              271.347535,
              6848.906737999999
            ],
              "ypr": [
              0,
              0,
              0
              ],
              "scale": 1
          },
{
              "name": "DZ\\plants_bliss\\clutter\\c_grassdry_summer.p3d",
              "pos": [
              4822.012206999997,
              271.243042,
              6850.007811999999
            ],
              "ypr": [
              0,
              0,
              0
              ],
              "scale": 1
          },
{
              "name": "DZ\\plants_bliss\\clutter\\c_grassdry_summer.p3d",
              "pos": [
              4825.285155999997,
              271.623352,
              6851.022948999999
            ],
              "ypr": [
              0,
              0,
              0
              ],
              "scale": 1
          },
{
              "name": "DZ\\plants_bliss\\clutter\\c_grassdry_summer.p3d",
              "pos": [
              4823.607421999997,
              271.243378,
              6849.0126949999985
            ],
              "ypr": [
              0,
              0,
              0
              ],
              "scale": 1
          },
{
              "name": "DZ\\plants_bliss\\clutter\\c_grassdry_summer.p3d",
              "pos": [
              4823.0683599999975,
              271.117249,
              6848.331053999999
            ],
              "ypr": [
              0,
              0,
              0
              ],
              "scale": 1
          },
{
              "name": "DZ\\plants_bliss\\clutter\\c_grassdry_summer.p3d",
              "pos": [
              4818.834960999998,
              271.320801,
              6851.403807999999
            ],
              "ypr": [
              0,
              0,
              0
              ],
              "scale": 1
          },
{
              "name": "DZ\\plants_bliss\\clutter\\c_grassdry_summer.p3d",
              "pos": [
              4818.947753999997,
              271.125489,
              6849.531737999999
            ],
              "ypr": [
              0,
              0,
              0
              ],
              "scale": 1
          },
{
              "name": "DZ\\plants_bliss\\clutter\\c_grassdry_summer.p3d",
              "pos": [
              4829.7714849999975,
              274.93298400000003,
              6871.158690999999
            ],
              "ypr": [
              0,
              0,
              0
              ],
              "scale": 1
          },
{
              "name": "DZ\\plants_bliss\\clutter\\c_grassdry_summer.p3d",
              "pos": [
              4817.791991999998,
              271.19354300000003,
              6850.364256999999
            ],
              "ypr": [
              0,
              0,
              0
              ],
              "scale": 1
          },
{
              "name": "DZ\\plants_bliss\\clutter\\c_grassdry_summer.p3d",
              "pos": [
              4828.307616999998,
              274.792603,
              6870.686522999999
            ],
              "ypr": [
              0,
              0,
              0
              ],
              "scale": 1
          },
{
              "name": "DZ\\plants_bliss\\clutter\\c_grassdry_summer.p3d",
              "pos": [
              4828.506347999997,
              274.63852,
              6869.710448999999
            ],
              "ypr": [
              0,
              0,
              0
              ],
              "scale": 1
          },
{
              "name": "DZ\\plants_bliss\\clutter\\c_grassdry_summer.p3d",
              "pos": [
              4823.425780999997,
              274.840729,
              6872.291014999999
            ],
              "ypr": [
              0,
              0,
              0
              ],
              "scale": 1
          },
{
              "name": "DZ\\plants_bliss\\clutter\\c_grassdry_summer.p3d",
              "pos": [
              4833.710448999997,
              278.536103,
              6896.056151999999
            ],
              "ypr": [
              0,
              0,
              0
              ],
              "scale": 1
          },
{
              "name": "DZ\\plants_bliss\\clutter\\c_grassdry_summer.p3d",
              "pos": [
              4823.947753999997,
              275.066895,
              6873.464354999999
            ],
              "ypr": [
              0,
              0,
              0
              ],
              "scale": 1
          },
{
              "name": "DZ\\plants_bliss\\clutter\\c_grassdry_summer.p3d",
              "pos": [
              4833.673827999997,
              278.38266,
              6894.767577999999
            ],
              "ypr": [
              0,
              0,
              0
              ],
              "scale": 1
          },
{
              "name": "DZ\\plants_bliss\\clutter\\c_grassdry_summer.p3d",
              "pos": [
              4833.131347999997,
              278.424591,
              6895.408202999999
            ],
              "ypr": [
              0,
              0,
              0
              ],
              "scale": 1
          },
{
              "name": "DZ\\plants_bliss\\clutter\\c_grassdry_summer.p3d",
              "pos": [
              4833.027343999997,
              278.07425,
              6892.476561999999
            ],
              "ypr": [
              0,
              0,
              0
              ],
              "scale": 1
          },
{
              "name": "DZ\\plants_bliss\\clutter\\c_grassdry_summer.p3d",
              "pos": [
              4834.345702999997,
              278.24057,
              6893.205077999999
            ],
              "ypr": [
              0,
              0,
              0
              ],
              "scale": 1
          },
{
              "name": "DZ\\plants_bliss\\clutter\\c_grassdry_summer.p3d",
              "pos": [
              4829.688476999997,
              278.548096,
              6898.139647999999
            ],
              "ypr": [
              0,
              0,
              0
              ],
              "scale": 1
          },
{
              "name": "DZ\\plants_bliss\\clutter\\c_grassdry_summer.p3d",
              "pos": [
              4830.178710999998,
              278.730317,
              6899.557616999999
            ],
              "ypr": [
              0,
              0,
              0
              ],
              "scale": 1
          },
{
              "name": "DZ\\plants_bliss\\clutter\\c_grassdry_summer.p3d",
              "pos": [
              4831.422362999997,
              278.800293,
              6899.802733999999
            ],
              "ypr": [
              0,
              0,
              0
              ],
              "scale": 1
          },
{
              "name": "DZ\\plants_bliss\\clutter\\c_grassdry_summer.p3d",
              "pos": [
              4838.808593999997,
              280.124726,
              6910.364256999999
            ],
              "ypr": [
              0,
              0,
              0
              ],
              "scale": 1
          },
{
              "name": "DZ\\plants_bliss\\clutter\\c_grassdry_summer.p3d",
              "pos": [
              4839.388671999997,
              280.02896200000004,
              6909.352538999999
            ],
              "ypr": [
              0,
              0,
              0
              ],
              "scale": 1
          },
{
              "name": "DZ\\plants_bliss\\clutter\\c_grassdry_summer.p3d",
              "pos": [
              4841.329101999997,
              282.095887,
              6927.063963999999
            ],
              "ypr": [
              0,
              0,
              0
              ],
              "scale": 1
          },
{
              "name": "DZ\\plants_bliss\\clutter\\c_grassdry_summer.p3d",
              "pos": [
              4839.717284999997,
              282.170746,
              6927.726073999999
            ],
              "ypr": [
              0,
              0,
              0
              ],
              "scale": 1
          },
{
              "name": "DZ\\plants_bliss\\clutter\\c_grassdry_summer.p3d",
              "pos": [
              4840.348144999997,
              281.988678,
              6926.319823999999
            ],
              "ypr": [
              0,
              0,
              0
              ],
              "scale": 1
          },
{
              "name": "DZ\\plants_bliss\\clutter\\c_grassdry_summer.p3d",
              "pos": [
              4835.510253999997,
              282.830872,
              6933.665526999999
            ],
              "ypr": [
              0,
              0,
              0
              ],
              "scale": 1
          },
{
              "name": "DZ\\plants_bliss\\clutter\\c_grassdry_summer.p3d",
              "pos": [
              4837.471191999997,
              282.867371,
              6933.811522999999
            ],
              "ypr": [
              0,
              0,
              0
              ],
              "scale": 1
          },
{
              "name": "DZ\\plants_bliss\\clutter\\c_grassdry_summer.p3d",
              "pos": [
              4807.264648999997,
              269.818909,
              6786.712889999999
            ],
              "ypr": [
              0,
              0,
              0
              ],
              "scale": 1
          },
{
              "name": "DZ\\plants_bliss\\clutter\\c_grassdry_summer.p3d",
              "pos": [
              4806.370605999998,
              269.870606,
              6788.394042999999
            ],
              "ypr": [
              0,
              0,
              0
              ],
              "scale": 1
          },
{
              "name": "DZ\\plants_bliss\\clutter\\c_grassdry_summer.p3d",
              "pos": [
              4805.888183999998,
              269.84961,
              6787.275878999999
            ],
              "ypr": [
              0,
              0,
              0
              ],
              "scale": 1
          },
{
              "name": "DZ\\plants_bliss\\clutter\\c_grassdry_summer.p3d",
              "pos": [
              4807.469237999997,
              269.903351,
              6791.6689449999985
            ],
              "ypr": [
              0,
              0,
              0
              ],
              "scale": 1
          },
{
              "name": "DZ\\plants_bliss\\clutter\\c_grassdry_summer.p3d",
              "pos": [
              4805.854491999998,
              269.939392,
              6791.5126949999985
            ],
              "ypr": [
              0,
              0,
              0
              ],
              "scale": 1
          },
{
              "name": "DZ\\plants_bliss\\clutter\\c_grassdry_summer.p3d",
              "pos": [
              4825.364257999997,
              269.091614,
              6787.134764999999
            ],
              "ypr": [
              0,
              0,
              0
              ],
              "scale": 1
          },
{
              "name": "DZ\\plants_bliss\\clutter\\c_grassdry_summer.p3d",
              "pos": [
              4824.391601999997,
              269.145569,
              6786.018553999999
            ],
              "ypr": [
              0,
              0,
              0
              ],
              "scale": 1
          },
{
              "name": "DZ\\plants_bliss\\clutter\\c_grassdry_summer.p3d",
              "pos": [
              4825.221191999997,
              268.983155,
              6790.721678999999
            ],
              "ypr": [
              0,
              0,
              0
              ],
              "scale": 1
          },
{
              "name": "DZ\\plants_bliss\\clutter\\c_grassdry_summer.p3d",
              "pos": [
              4832.388183999998,
              268.416626,
              6786.615721999999
            ],
              "ypr": [
              0,
              0,
              0
              ],
              "scale": 1
          },
{
              "name": "DZ\\plants_bliss\\clutter\\c_grassdry_summer.p3d",
              "pos": [
              4840.666015999997,
              267.864258,
              6785.289061999999
            ],
              "ypr": [
              0,
              0,
              0
              ],
              "scale": 1
          },
{
              "name": "DZ\\plants_bliss\\clutter\\c_grassdry_summer.p3d",
              "pos": [
              4829.664062999997,
              268.694092,
              6786.883788999999
            ],
              "ypr": [
              0,
              0,
              0
              ],
              "scale": 1
          },
{
              "name": "DZ\\plants_bliss\\clutter\\c_grassdry_summer.p3d",
              "pos": [
              4839.065429999997,
              267.874024,
              6785.297362999999
            ],
              "ypr": [
              0,
              0,
              0
              ],
              "scale": 1
          },
{
              "name": "DZ\\plants_bliss\\clutter\\c_grassdry_summer.p3d",
              "pos": [
              4844.026366999998,
              267.87497,
              6788.494139999999
            ],
              "ypr": [
              0,
              0,
              0
              ],
              "scale": 1
          },
{
              "name": "DZ\\plants_bliss\\clutter\\c_grassdry_summer.p3d",
              "pos": [
              4842.693847999997,
              267.868866,
              6787.657225999999
            ],
              "ypr": [
              0,
              0,
              0
              ],
              "scale": 1
          },
{
              "name": "DZ\\plants_bliss\\clutter\\c_grassdry_summer.p3d",
              "pos": [
              4861.809081999997,
              267.804779,
              6782.496092999999
            ],
              "ypr": [
              0,
              0,
              0
              ],
              "scale": 1
          },
{
              "name": "DZ\\plants_bliss\\clutter\\c_grassdry_summer.p3d",
              "pos": [
              4864.587401999997,
              267.81219500000003,
              6783.542967999999
            ],
              "ypr": [
              0,
              0,
              0
              ],
              "scale": 1
          },
{
              "name": "DZ\\plants_bliss\\clutter\\c_grassdry_summer.p3d",
              "pos": [
              4863.962890999997,
              267.810547,
              6782.217284999999
            ],
              "ypr": [
              0,
              0,
              0
              ],
              "scale": 1
          },
{
              "name": "DZ\\plants_bliss\\clutter\\c_grassdry_summer.p3d",
              "pos": [
              4862.809081999997,
              267.80746500000004,
              6781.914549999999
            ],
              "ypr": [
              0,
              0,
              0
              ],
              "scale": 1
          },
{
              "name": "DZ\\plants_bliss\\clutter\\c_grassdry_summer.p3d",
              "pos": [
              4865.348632999997,
              267.81424,
              6779.034178999999
            ],
              "ypr": [
              0,
              0,
              0
              ],
              "scale": 1
          },
{
              "name": "DZ\\plants_bliss\\clutter\\c_grassdry_summer.p3d",
              "pos": [
              4864.014159999997,
              267.810669,
              6778.739256999999
            ],
              "ypr": [
              0,
              0,
              0
              ],
              "scale": 1
          },
{
              "name": "DZ\\plants_bliss\\clutter\\c_grassdry_summer.p3d",
              "pos": [
              4863.1928709999975,
              267.808472,
              6777.996581999999
            ],
              "ypr": [
              0,
              0,
              0
              ],
              "scale": 1
          },
{
              "name": "DZ\\plants_bliss\\clutter\\c_grassdry_summer.p3d",
              "pos": [
              4874.282714999998,
              267.858826,
              6777.976073999999
            ],
              "ypr": [
              0,
              0,
              0
              ],
              "scale": 1
          },
{
              "name": "DZ\\plants_bliss\\clutter\\c_grassdry_summer.p3d",
              "pos": [
              4874.3627929999975,
              267.857483,
              6779.299803999999
            ],
              "ypr": [
              0,
              0,
              0
              ],
              "scale": 1
          },
{
              "name": "DZ\\plants_bliss\\clutter\\c_grassdry_summer.p3d",
              "pos": [
              4893.110839999998,
              267.90689100000003,
              6777.751952999999
            ],
              "ypr": [
              0,
              0,
              0
              ],
              "scale": 1
          },
{
              "name": "DZ\\plants_bliss\\clutter\\c_grassdry_summer.p3d",
              "pos": [
              4896.074218999997,
              267.892365,
              6775.114256999999
            ],
              "ypr": [
              0,
              0,
              0
              ],
              "scale": 1
          },
{
              "name": "DZ\\plants_bliss\\clutter\\c_grassdry_summer.p3d",
              "pos": [
              4746.352538999998,
              269.966401,
              6770.820311999999
            ],
              "ypr": [
              0,
              0,
              0
              ],
              "scale": 1
          },
{
              "name": "DZ\\plants_bliss\\clutter\\c_grassdry_summer.p3d",
              "pos": [
              4744.6147459999975,
              269.990784,
              6768.259764999999
            ],
              "ypr": [
              0,
              0,
              0
              ],
              "scale": 1
          },
{
              "name": "DZ\\plants_bliss\\clutter\\c_grassdry_summer.p3d",
              "pos": [
              4747.320800999997,
              269.947998,
              6768.661131999999
            ],
              "ypr": [
              0,
              0,
              0
              ],
              "scale": 1
          },
{
              "name": "DZ\\plants_bliss\\clutter\\c_grassdry_summer.p3d",
              "pos": [
              4732.546386999998,
              271.168579,
              6786.461424999999
            ],
              "ypr": [
              0,
              0,
              0
              ],
              "scale": 1
          },
{
              "name": "DZ\\plants_bliss\\clutter\\c_grassdry_summer.p3d",
              "pos": [
              4733.8647459999975,
              270.97522000000004,
              6784.766600999999
            ],
              "ypr": [
              0,
              0,
              0
              ],
              "scale": 1
          },
{
              "name": "DZ\\plants_bliss\\clutter\\c_grassdry_summer.p3d",
              "pos": [
              4731.937011999998,
              271.18393000000003,
              6783.111327999999
            ],
              "ypr": [
              0,
              0,
              0
              ],
              "scale": 1
          },
{
              "name": "DZ\\plants_bliss\\clutter\\c_grassdry_summer.p3d",
              "pos": [
              4730.358398999997,
              271.208924,
              6781.591796999999
            ],
              "ypr": [
              0,
              0,
              0
              ],
              "scale": 1
          },
{
              "name": "DZ\\plants_bliss\\clutter\\c_grassdry_summer.p3d",
              "pos": [
              4717.071288999998,
              271.875367,
              6815.175292999999
            ],
              "ypr": [
              0,
              0,
              0
              ],
              "scale": 1
          },
{
              "name": "DZ\\plants_bliss\\clutter\\c_grassdry_summer.p3d",
              "pos": [
              4715.4877929999975,
              271.911377,
              6814.595702999999
            ],
              "ypr": [
              0,
              0,
              0
              ],
              "scale": 1
          },
{
              "name": "DZ\\plants_bliss\\clutter\\c_grassdry_summer.p3d",
              "pos": [
              4715.865722999997,
              271.74008200000003,
              6808.705565999999
            ],
              "ypr": [
              0,
              0,
              0
              ],
              "scale": 1
          },
{
              "name": "DZ\\plants_bliss\\clutter\\c_grassdry_summer.p3d",
              "pos": [
              4701.064452999997,
              272.333496,
              6835.138182999999
            ],
              "ypr": [
              0,
              0,
              0
              ],
              "scale": 1
          },
{
              "name": "DZ\\plants_bliss\\clutter\\c_grassdry_summer.p3d",
              "pos": [
              4702.357909999997,
              272.33056700000003,
              6832.9345699999985
            ],
              "ypr": [
              0,
              0,
              0
              ],
              "scale": 1
          },
{
              "name": "DZ\\plants_bliss\\clutter\\c_grassdry_summer.p3d",
              "pos": [
              4706.592284999997,
              272.304535,
              6833.791014999999
            ],
              "ypr": [
              0,
              0,
              0
              ],
              "scale": 1
          },
{
              "name": "DZ\\plants_bliss\\clutter\\c_grassdry_summer.p3d",
              "pos": [
              4707.440429999997,
              272.29657000000003,
              6832.432128999999
            ],
              "ypr": [
              0,
              0,
              0
              ],
              "scale": 1
          },
{
              "name": "DZ\\plants_bliss\\clutter\\c_grassdry_summer.p3d",
              "pos": [
              4706.206054999997,
              272.299805,
              6831.806639999999
            ],
              "ypr": [
              0,
              0,
              0
              ],
              "scale": 1
          },
{
              "name": "DZ\\plants_bliss\\clutter\\c_grassdry_summer.p3d",
              "pos": [
              4689.536132999997,
              272.32193,
              6848.074706999999
            ],
              "ypr": [
              0,
              0,
              0
              ],
              "scale": 1
          },
{
              "name": "DZ\\plants_bliss\\clutter\\c_grassdry_summer.p3d",
              "pos": [
              4690.695800999997,
              272.339997,
              6846.994628999999
            ],
              "ypr": [
              0,
              0,
              0
              ],
              "scale": 1
          },
{
              "name": "DZ\\plants_bliss\\clutter\\c_grassdry_summer.p3d",
              "pos": [
              4690.715819999998,
              272.228852,
              6850.983397999999
            ],
              "ypr": [
              0,
              0,
              0
              ],
              "scale": 1
          },
{
              "name": "DZ\\plants_bliss\\clutter\\c_grassdry_summer.p3d",
              "pos": [
              4691.826659999997,
              272.22287,
              6851.454588999999
            ],
              "ypr": [
              0,
              0,
              0
              ],
              "scale": 1
          },
{
              "name": "DZ\\plants_bliss\\clutter\\c_grassdry_summer.p3d",
              "pos": [
              4688.937987999997,
              272.134003,
              6854.164549999999
            ],
              "ypr": [
              0,
              0,
              0
              ],
              "scale": 1
          },
{
              "name": "DZ\\plants_bliss\\clutter\\c_grassdry_summer.p3d",
              "pos": [
              4683.668456999997,
              272.295868,
              6852.900878999999
            ],
              "ypr": [
              0,
              0,
              0
              ],
              "scale": 1
          },
{
              "name": "DZ\\plants_bliss\\clutter\\c_grassdry_summer.p3d",
              "pos": [
              4674.291503999997,
              273.1763,
              6856.612303999999
            ],
              "ypr": [
              0,
              0,
              0
              ],
              "scale": 1
          },
{
              "name": "DZ\\plants_bliss\\clutter\\c_grassdry_summer.p3d",
              "pos": [
              4674.7241209999975,
              272.969941,
              6858.236815999999
            ],
              "ypr": [
              0,
              0,
              0
              ],
              "scale": 1
          },
{
              "name": "DZ\\plants_bliss\\clutter\\c_grassdry_summer.p3d",
              "pos": [
              4676.642089999998,
              272.74652100000003,
              6860.065428999999
            ],
              "ypr": [
              0,
              0,
              0
              ],
              "scale": 1
          },
{
              "name": "DZ\\plants_bliss\\clutter\\c_grassdry_summer.p3d",
              "pos": [
              4673.561523999997,
              272.92923,
              6861.073241999999
            ],
              "ypr": [
              0,
              0,
              0
              ],
              "scale": 1
          },
{
              "name": "DZ\\plants_bliss\\clutter\\c_grassdry_summer.p3d",
              "pos": [
              4658.915038999998,
              273.537751,
              6864.283690999999
            ],
              "ypr": [
              0,
              0,
              0
              ],
              "scale": 1
          },
{
              "name": "DZ\\plants_bliss\\clutter\\c_grassdry_summer.p3d",
              "pos": [
              4661.3652349999975,
              273.344635,
              6862.582518999999
            ],
              "ypr": [
              0,
              0,
              0
              ],
              "scale": 1
          },
{
              "name": "DZ\\plants_bliss\\clutter\\c_grassdry_summer.p3d",
              "pos": [
              4659.855956999997,
              273.48053,
              6862.996581999999
            ],
              "ypr": [
              0,
              0,
              0
              ],
              "scale": 1
          },
{
              "name": "DZ\\plants_bliss\\clutter\\c_grassdry_summer.p3d",
              "pos": [
              4661.592773999997,
              273.201935,
              6867.230467999999
            ],
              "ypr": [
              0,
              0,
              0
              ],
              "scale": 1
          },
{
              "name": "DZ\\plants_bliss\\clutter\\c_grassdry_summer.p3d",
              "pos": [
              4656.100585999998,
              273.674195,
              6868.503905999999
            ],
              "ypr": [
              0,
              0,
              0
              ],
              "scale": 1
          },
{
              "name": "DZ\\plants_bliss\\clutter\\c_grassdry_summer.p3d",
              "pos": [
              4639.839843999997,
              275.740052,
              6875.661620999999
            ],
              "ypr": [
              0,
              0,
              0
              ],
              "scale": 1
          },
{
              "name": "DZ\\plants_bliss\\clutter\\c_grassdry_summer.p3d",
              "pos": [
              4642.6284179999975,
              275.342682,
              6875.301756999999
            ],
              "ypr": [
              0,
              0,
              0
              ],
              "scale": 1
          },
{
              "name": "DZ\\plants_bliss\\clutter\\c_grassdry_summer.p3d",
              "pos": [
              4643.935058999998,
              275.174103,
              6874.986815999999
            ],
              "ypr": [
              0,
              0,
              0
              ],
              "scale": 1
          },
{
              "name": "DZ\\plants_bliss\\clutter\\c_grassdry_summer.p3d",
              "pos": [
              4644.744140999997,
              274.86413600000003,
              6872.085936999999
            ],
              "ypr": [
              0,
              0,
              0
              ],
              "scale": 1
          },
{
              "name": "DZ\\plants_bliss\\clutter\\c_grassdry_summer.p3d",
              "pos": [
              4631.076659999997,
              276.987397,
              6877.890135999999
            ],
              "ypr": [
              0,
              0,
              0
              ],
              "scale": 1
          },
{
              "name": "DZ\\plants_bliss\\clutter\\c_grassdry_summer.p3d",
              "pos": [
              4629.901366999998,
              277.025757,
              6876.513182999999
            ],
              "ypr": [
              0,
              0,
              0
              ],
              "scale": 1
          },
{
              "name": "DZ\\plants_bliss\\clutter\\c_grassdry_summer.p3d",
              "pos": [
              4625.365722999997,
              277.679169,
              6877.969237999999
            ],
              "ypr": [
              0,
              0,
              0
              ],
              "scale": 1
          },
{
              "name": "DZ\\plants_bliss\\clutter\\c_grassdry_summer.p3d",
              "pos": [
              4626.468749999997,
              277.51797500000004,
              6877.981932999999
            ],
              "ypr": [
              0,
              0,
              0
              ],
              "scale": 1
          },
{
              "name": "DZ\\plants_bliss\\clutter\\c_grassdry_summer.p3d",
              "pos": [
              4627.1621099999975,
              277.509125,
              6878.984862999999
            ],
              "ypr": [
              0,
              0,
              0
              ],
              "scale": 1
          },
{
              "name": "DZ\\plants_bliss\\clutter\\c_grassdry_summer.p3d",
              "pos": [
              4622.513671999997,
              278.45462100000003,
              6884.305174999999
            ],
              "ypr": [
              0,
              0,
              0
              ],
              "scale": 1
          },
{
              "name": "DZ\\plants_bliss\\clutter\\c_grassdry_summer.p3d",
              "pos": [
              4623.8159179999975,
              278.307953,
              6884.157713999999
            ],
              "ypr": [
              0,
              0,
              0
              ],
              "scale": 1
          },
{
              "name": "DZ\\plants_bliss\\clutter\\c_grassdry_summer.p3d",
              "pos": [
              4624.335448999997,
              278.367432,
              6885.532225999999
            ],
              "ypr": [
              0,
              0,
              0
              ],
              "scale": 1
          },
{
              "name": "DZ\\plants_bliss\\clutter\\c_grassdry_summer.p3d",
              "pos": [
              4623.485839999998,
              278.240021,
              6883.000975999999
            ],
              "ypr": [
              0,
              0,
              0
              ],
              "scale": 1
          },
{
              "name": "DZ\\plants_bliss\\clutter\\c_grassdry_summer.p3d",
              "pos": [
              4621.9252929999975,
              278.383973,
              6882.519530999999
            ],
              "ypr": [
              0,
              0,
              0
              ],
              "scale": 1
          },
{
              "name": "DZ\\plants_bliss\\clutter\\c_grassdry_summer.p3d",
              "pos": [
              4600.665526999997,
              281.293976,
              6889.507323999999
            ],
              "ypr": [
              0,
              0,
              0
              ],
              "scale": 1
          },
{
              "name": "DZ\\plants_bliss\\clutter\\c_grassdry_summer.p3d",
              "pos": [
              4602.607909999997,
              281.033387,
              6888.521971999999
            ],
              "ypr": [
              0,
              0,
              0
              ],
              "scale": 1
          },
{
              "name": "DZ\\plants_bliss\\clutter\\c_grassdry_summer.p3d",
              "pos": [
              4602.572265999997,
              281.065155,
              6889.605467999999
            ],
              "ypr": [
              0,
              0,
              0
              ],
              "scale": 1
          },
{
              "name": "DZ\\plants_bliss\\clutter\\c_grassdry_summer.p3d",
              "pos": [
              4603.894530999997,
              280.977417,
              6892.475096999999
            ],
              "ypr": [
              0,
              0,
              0
              ],
              "scale": 1
          },
{
              "name": "DZ\\plants_bliss\\clutter\\c_grassdry_summer.p3d",
              "pos": [
              4601.559569999998,
              281.338318,
              6893.506346999999
            ],
              "ypr": [
              0,
              0,
              0
              ],
              "scale": 1
          },
{
              "name": "DZ\\plants_bliss\\clutter\\c_grassdry_summer.p3d",
              "pos": [
              4587.575683999998,
              283.333435,
              6898.454588999999
            ],
              "ypr": [
              0,
              0,
              0
              ],
              "scale": 1
          },
{
              "name": "DZ\\plants_bliss\\clutter\\c_grassdry_summer.p3d",
              "pos": [
              4588.660644999997,
              283.33279500000003,
              6899.851073999999
            ],
              "ypr": [
              0,
              0,
              0
              ],
              "scale": 1
          },
{
              "name": "DZ\\plants_bliss\\clutter\\c_grassdry_summer.p3d",
              "pos": [
              4580.875976999997,
              284.391846,
              6902.739745999999
            ],
              "ypr": [
              0,
              0,
              0
              ],
              "scale": 1
          },
{
              "name": "DZ\\plants\\tree\\t_prunusdomestica_2s.p3d",
              "pos": [
              4646.770019000002,
              273.955856,
              6862.427735000001
            ],
              "ypr": [
              0,
              0,
              0
              ],
              "scale": 1
          },
{
              "name": "DZ\\plants\\tree\\t_pyruscommunis_3s.p3d",
              "pos": [
              4644.699707,
              275.43665999999996,
              6878.2768559999995
            ],
              "ypr": [
              0,
              0,
              0
              ],
              "scale": 1
          },
{
              "name": "DZ\\plants\\tree\\t_populusalba_3s.p3d",
              "pos": [
              4636.759766,
              275.71197600000005,
              6869.005371000001
            ],
              "ypr": [
              0,
              0,
              0
              ],
              "scale": 1
          },
{
              "name": "DZ\\plants\\tree\\t_populusalba_3s.p3d",
              "pos": [
              4606.4287110000005,
              280.54135199999996,
              6879.360351000001
            ],
              "ypr": [
              0,
              0,
              0
              ],
              "scale": 1
          },
{
              "name": "DZ\\plants\\tree\\t_populusalba_3s.p3d",
              "pos": [
              4712.910645,
              272.20251499999995,
              6831.805175000001
            ],
              "ypr": [
              0,
              0,
              0
              ],
              "scale": 1
          },
{
              "name": "DZ\\plants\\tree\\t_populusalba_3s.p3d",
              "pos": [
              4833.843262,
              268.12582499999996,
              6782.970703000001
            ],
              "ypr": [
              0,
              0,
              0
              ],
              "scale": 1
          },
{
              "name": "DZ\\plants\\tree\\t_populusalba_3s.p3d",
              "pos": [
              4779.138672,
              268.61718799999994,
              6712.2011710000015
            ],
              "ypr": [
              0,
              0,
              0
              ],
              "scale": 1
          },
{
              "name": "DZ\\plants\\tree\\t_populusalba_2s.p3d",
              "pos": [
              4786.203612999997,
              269.412705,
              6738.959473
            ],
              "ypr": [
              0,
              0,
              0
              ],
              "scale": 1
          },
{
              "name": "DZ\\plants\\tree\\t_populusalba_1f.p3d",
              "pos": [
              4760.243163000003,
              268.55995199999995,
              6701.987305000001
            ],
              "ypr": [
              0,
              0,
              0
              ],
              "scale": 1
          },
{
              "name": "DZ\\plants\\tree\\t_robiniapseudoacacia_3f.p3d",
              "pos": [
              4766.428223,
              266.31630000000007,
              6688.329589999999
            ],
              "ypr": [
              0,
              0,
              0
              ],
              "scale": 1
          },
{
              "name": "DZ\\plants\\tree\\t_robiniapseudoacacia_3f.p3d",
              "pos": [
              4758.289551,
              270.02082900000005,
              6757.252929999999
            ],
              "ypr": [
              0,
              0,
              0
              ],
              "scale": 1
          },
{
              "name": "DZ\\plants\\tree\\t_robiniapseudoacacia_2s.p3d",
              "pos": [
              4738.784668,
              269.977036,
              6759.643067
            ],
              "ypr": [
              0,
              0,
              0
              ],
              "scale": 1
          },
{
              "name": "DZ\\plants\\tree\\t_robiniapseudoacacia_2s.p3d",
              "pos": [
              4697.947266,
              272.33998099999997,
              6813.665528
            ],
              "ypr": [
              0,
              0,
              0
              ],
              "scale": 1
          },
{
              "name": "DZ\\plants\\tree\\t_robiniapseudoacacia_2s.p3d",
              "pos": [
              4686.542969,
              272.38020300000005,
              6866.608399
            ],
              "ypr": [
              0,
              0,
              0
              ],
              "scale": 1
          },
{
              "name": "DZ\\plants\\tree\\t_robiniapseudoacacia_2s.p3d",
              "pos": [
              4659.256836,
              273.67649800000004,
              6856.407227
            ],
              "ypr": [
              0,
              0,
              0
              ],
              "scale": 1
          },
{
              "name": "DZ\\plants\\tree\\t_robiniapseudoacacia_2f.p3d",
              "pos": [
              4656.903809,
              273.53842099999997,
              6874.176269999999
            ],
              "ypr": [
              0,
              0,
              0
              ],
              "scale": 1
          },
{
              "name": "DZ\\plants\\tree\\t_robiniapseudoacacia_3f.p3d",
              "pos": [
              4665.96875,
              273.75169500000004,
              6879.708495999999
            ],
              "ypr": [
              0,
              0,
              0
              ],
              "scale": 1
          },
{
              "name": "DZ\\plants\\tree\\t_robiniapseudoacacia_3f.p3d",
              "pos": [
              4784.687012,
              269.725419,
              6773.044921999999
            ],
              "ypr": [
              0,
              0,
              0
              ],
              "scale": 1
          },
{
              "name": "DZ\\plants\\tree\\t_salixalba_2sb.p3d",
              "pos": [
              4782.6196290000025,
              269.737076,
              6728.393553999999
            ],
              "ypr": [
              0,
              0,
              0
              ],
              "scale": 1
          },
{
              "name": "DZ\\plants\\tree\\t_fagussylvatica_3s.p3d",
              "pos": [
              4773.7827149999985,
              271.096588,
              6854.722656
            ],
              "ypr": [
              0,
              0,
              0
              ],
              "scale": 1
          },
{
              "name": "DZ\\plants\\tree\\t_fagussylvatica_3s.p3d",
              "pos": [
              4729.693358999998,
              271.784943,
              6832.580567
            ],
              "ypr": [
              0,
              0,
              0
              ],
              "scale": 1
          },
{
              "name": "DZ\\plants\\tree\\t_fagussylvatica_3s.p3d",
              "pos": [
              4729.808104999998,
              270.91720599999996,
              6773.501953
            ],
              "ypr": [
              0,
              0,
              0
              ],
              "scale": 1
          },
{
              "name": "DZ\\plants\\tree\\t_fagussylvatica_3s.p3d",
              "pos": [
              4775.562010999998,
              270.00128200000006,
              6740.911620999999
            ],
              "ypr": [
              0,
              0,
              0
              ],
              "scale": 1
          },
{
              "name": "DZ\\plants\\tree\\t_fagussylvatica_3s.p3d",
              "pos": [
              4757.912596999998,
              269.919037,
              6734.458984999999
            ],
              "ypr": [
              0,
              0,
              0
              ],
              "scale": 1
          },
{
              "name": "DZ\\plants\\tree\\t_fagussylvatica_3s.p3d",
              "pos": [
              4771.824218999998,
              270.120636,
              6784.777343999999
            ],
              "ypr": [
              0,
              0,
              0
              ],
              "scale": 1
          },
{
              "name": "DZ\\plants\\tree\\t_fagussylvatica_3s.p3d",
              "pos": [
              4724.302245999998,
              271.66738899999996,
              6814.693359999999
            ],
              "ypr": [
              0,
              0,
              0
              ],
              "scale": 1
          },
{
              "name": "DZ\\plants\\tree\\t_fagussylvatica_3s.p3d",
              "pos": [
              4665.190917999998,
              273.13101200000006,
              6808.4819339999995
            ],
              "ypr": [
              0,
              0,
              0
              ],
              "scale": 1
          },
{
              "name": "DZ\\plants\\tree\\t_fagussylvatica_3s.p3d",
              "pos": [
              4828.273925999998,
              270.76883,
              6840.701172
            ],
              "ypr": [
              0,
              0,
              0
              ],
              "scale": 1
          },
{
              "name": "DZ\\plants\\tree\\t_fagussylvatica_3s.p3d",
              "pos": [
              4846.672362999998,
              274.816498,
              6852.657227
            ],
              "ypr": [
              0,
              0,
              0
              ],
              "scale": 1
          },
{
              "name": "DZ\\plants\\tree\\t_fagussylvatica_3s.p3d",
              "pos": [
              4808.263671999998,
              269.93850699999996,
              6794.666504
            ],
              "ypr": [
              0,
              0,
              0
              ],
              "scale": 1
          },
{
              "name": "DZ\\plants\\tree\\t_fraxinusexcelsior_2f.p3d",
              "pos": [
              4846.714843999997,
              276.50717099999997,
              6866.294433
            ],
              "ypr": [
              0,
              0,
              0
              ],
              "scale": 1
          },
{
              "name": "DZ\\plants\\tree\\t_fraxinusexcelsior_2f.p3d",
              "pos": [
              4847.326172999998,
              272.667785,
              6834.867187
            ],
              "ypr": [
              0,
              0,
              0
              ],
              "scale": 1
          },
{
              "name": "DZ\\plants\\tree\\t_fraxinusexcelsior_2s.p3d",
              "pos": [
              4844.570800999997,
              269.59671000000003,
              6807.513671999999
            ],
              "ypr": [
              0,
              0,
              0
              ],
              "scale": 1
          },
{
              "name": "DZ\\plants\\tree\\t_fraxinusexcelsior_2s.p3d",
              "pos": [
              4783.270019999997,
              263.560302,
              6662.150390999999
            ],
              "ypr": [
              0,
              0,
              0
              ],
              "scale": 1
          },
{
              "name": "DZ\\plants\\tree\\t_fraxinusexcelsior_2s.p3d",
              "pos": [
              4616.687011999998,
              273.190002,
              6780.499023999999
            ],
              "ypr": [
              0,
              0,
              0
              ],
              "scale": 1
          },
{
              "name": "DZ\\plants\\tree\\t_fraxinusexcelsior_2s.p3d",
              "pos": [
              4671.102050999997,
              272.670623,
              6745.937011999999
            ],
              "ypr": [
              0,
              0,
              0
              ],
              "scale": 1
          },
{
              "name": "DZ\\plants\\tree\\t_fraxinusexcelsior_2f.p3d",
              "pos": [
              4678.529297999998,
              272.973114,
              6768.246093
            ],
              "ypr": [
              0,
              0,
              0
              ],
              "scale": 1
          },
{
              "name": "DZ\\plants\\tree\\t_fagussylvatica_3s.p3d",
              "pos": [
              4652.826171999998,
              273.121857,
              6776.788086
            ],
              "ypr": [
              0,
              0,
              0
              ],
              "scale": 1
          },
{
              "name": "staticobj_wreck_trailer_flat",
              "pos": [
              4792.916992,
              271.111145,
              6787.350098
            ],
              "ypr": [
              -156.641006,
              0,
              90
              ],
              "scale": 1
          },
{
              "name": "staticobj_misc_haybale",
              "pos": [
              4792.022461,
              270.881927,
              6789.202637
            ],
              "ypr": [
              84.000031,
              0,
              0
              ],
              "scale": 1
          },
{
              "name": "staticobj_misc_haybale",
              "pos": [
              4790.208984,
              270.810944,
              6786.71582
            ],
              "ypr": [
              44,
              0,
              0
              ],
              "scale": 1
          },
{
              "name": "staticobj_misc_haybale",
              "pos": [
              4789.998047,
              270.850891,
              6789.799316
            ],
              "ypr": [
              0,
              0,
              0
              ],
              "scale": 1
          },
{
              "name": "staticobj_misc_haybale",
              "pos": [
              4794.001953,
              270.930847,
              6798.314941
            ],
              "ypr": [
              84.000031,
              0,
              0
              ],
              "scale": 1
          },
{
              "name": "staticobj_misc_haybale",
              "pos": [
              4783.292969,
              270.576111,
              6781.753418
            ],
              "ypr": [
              179.999985,
              90,
              179.999985
              ],
              "scale": 1
          },
{
              "name": "staticobj_misc_haybale",
              "pos": [
              4781.508789,
              270.862061,
              6789.838379
            ],
              "ypr": [
              124.000397,
              0,
              0
              ],
              "scale": 1
          },
{
              "name": "staticobj_rubble_dirtpile_large",
              "pos": [
              4810.153809,
              270.501984,
              6799.208496
            ],
              "ypr": [
              0,
              0,
              0
              ],
              "scale": 1
          },
{
              "name": "DZ\\plants_bliss\\clutter\\c_grassdry_summer.p3d",
              "pos": [
              4789.549804999997,
              270.132233,
              6787.352538999999
            ],
              "ypr": [
              0,
              0,
              0
              ],
              "scale": 1
          },
{
              "name": "DZ\\plants_bliss\\clutter\\c_grassdry_summer.p3d",
              "pos": [
              4789.213378999997,
              270.052826,
              6785.782225999999
            ],
              "ypr": [
              0,
              0,
              0
              ],
              "scale": 1
          },
{
              "name": "DZ\\plants_bliss\\clutter\\c_grassdry_summer.p3d",
              "pos": [
              4789.090331999997,
              270.16684000000004,
              6789.305174999999
            ],
              "ypr": [
              0,
              0,
              0
              ],
              "scale": 1
          },
{
              "name": "DZ\\plants_bliss\\clutter\\c_grassdry_summer.p3d",
              "pos": [
              4789.120116999998,
              270.18762200000003,
              6790.883788999999
            ],
              "ypr": [
              0,
              0,
              0
              ],
              "scale": 1
          },
{
              "name": "DZ\\plants_bliss\\clutter\\c_grassdry_summer.p3d",
              "pos": [
              4791.488769999997,
              270.139954,
              6788.488280999999
            ],
              "ypr": [
              0,
              0,
              0
              ],
              "scale": 1
          },
{
              "name": "DZ\\plants_bliss\\clutter\\c_grassdry_summer.p3d",
              "pos": [
              4782.584472999997,
              269.919983,
              6781.922850999999
            ],
              "ypr": [
              0,
              0,
              0
              ],
              "scale": 1
          },
{
              "name": "DZ\\plants_bliss\\clutter\\c_grassdry_summer.p3d",
              "pos": [
              4783.041015999997,
              269.937989,
              6782.664061999999
            ],
              "ypr": [
              0,
              0,
              0
              ],
              "scale": 1
          },
{
              "name": "DZ\\plants_bliss\\clutter\\c_grassdry_summer.p3d",
              "pos": [
              4776.124999999997,
              270.097199,
              6782.321776999999
            ],
              "ypr": [
              0,
              0,
              0
              ],
              "scale": 1
          },
{
              "name": "DZ\\plants\\tree\\t_fagussylvatica_3s.p3d",
              "pos": [
              4722.287108999998,
              271.91482600000006,
              6851.481446
            ],
              "ypr": [
              0,
              0,
              0
              ],
              "scale": 1
          },
{
              "name": "DZ\\plants_bliss\\clutter\\c_grassdry_summer.p3d",
              "pos": [
              4781.9721679999975,
              270.186219,
              6789.022460999999
            ],
              "ypr": [
              0,
              0,
              0
              ],
              "scale": 1
          },
{
              "name": "DZ\\plants_bliss\\clutter\\c_grassdry_summer.p3d",
              "pos": [
              4794.522948999997,
              270.235199,
              6797.759276999999
            ],
              "ypr": [
              0,
              0,
              0
              ],
              "scale": 1
          },
{
              "name": "DZ\\plants_bliss\\clutter\\c_grassdry_summer.p3d",
              "pos": [
              4793.644530999997,
              270.250428,
              6797.297850999999
            ],
              "ypr": [
              0,
              0,
              0
              ],
              "scale": 1
          },
{
              "name": "DZ\\plants_bliss\\clutter\\c_grassdry_summer.p3d",
              "pos": [
              4803.579101999997,
              270.100953,
              6797.050780999999
            ],
              "ypr": [
              0,
              0,
              0
              ],
              "scale": 1
          },
{
              "name": "DZ\\plants_bliss\\clutter\\c_grassdry_summer.p3d",
              "pos": [
              4802.2241209999975,
              270.139099,
              6797.299803999999
            ],
              "ypr": [
              0,
              0,
              0
              ],
              "scale": 1
          },
{
              "name": "DZ\\plants_bliss\\clutter\\c_grassdry_summer.p3d",
              "pos": [
              4803.450194999998,
              270.062806,
              6795.230956999999
            ],
              "ypr": [
              0,
              0,
              0
              ],
              "scale": 1
          },
{
              "name": "DZ\\plants_bliss\\clutter\\c_grassdry_summer.p3d",
              "pos": [
              4803.307128999997,
              270.155152,
              6799.155272999999
            ],
              "ypr": [
              0,
              0,
              0
              ],
              "scale": 1
          },
{
              "name": "DZ\\plants_bliss\\clutter\\c_grassdry_summer.p3d",
              "pos": [
              4801.184081999997,
              270.184235,
              6798.189452999999
            ],
              "ypr": [
              0,
              0,
              0
              ],
              "scale": 1
          },
{
              "name": "DZ\\plants_bliss\\clutter\\c_grassdry_summer.p3d",
              "pos": [
              4801.447753999997,
              270.11859200000004,
              6795.571288999999
            ],
              "ypr": [
              0,
              0,
              0
              ],
              "scale": 1
          },
{
              "name": "DZ\\plants_bliss\\clutter\\c_grassdry_summer.p3d",
              "pos": [
              4807.192382999997,
              270.179627,
              6799.833983999999
            ],
              "ypr": [
              0,
              0,
              0
              ],
              "scale": 1
          },
{
              "name": "DZ\\plants_bliss\\clutter\\c_grassdry_summer.p3d",
              "pos": [
              4808.217284999997,
              270.21148700000003,
              6801.099608999999
            ],
              "ypr": [
              0,
              0,
              0
              ],
              "scale": 1
          },
{
              "name": "DZ\\plants_bliss\\clutter\\c_grassdry_summer.p3d",
              "pos": [
              4809.864257999997,
              270.147492,
              6801.659178999999
            ],
              "ypr": [
              0,
              0,
              0
              ],
              "scale": 1
          },
{
              "name": "DZ\\plants_bliss\\building\\ivy_a.p3d",
              "pos": [
              4807.891113,
              273.506989,
              6798.125
            ],
              "ypr": [
              84.000031,
              0,
              111.999954
              ],
              "scale": 1
          },
{
              "name": "DZ\\plants_bliss\\building\\ivy_b.p3d",
              "pos": [
              4802.433594,
              272.230164,
              6795.288086
            ],
              "ypr": [
              -20.000006,
              0,
              90
              ],
              "scale": 1
          },
{
              "name": "DZ\\plants_bliss\\clutter\\c_grassdry_summer.p3d",
              "pos": [
              4828.988280999997,
              268.687806,
              6790.458983999999
            ],
              "ypr": [
              0,
              0,
              0
              ],
              "scale": 1
          },
{
              "name": "DZ\\plants_bliss\\clutter\\c_grassdry_summer.p3d",
              "pos": [
              4828.760741999998,
              268.787445,
              6787.692870999999
            ],
              "ypr": [
              0,
              0,
              0
              ],
              "scale": 1
          },
{
              "name": "DZ\\plants_bliss\\clutter\\c_grassdry_summer.p3d",
              "pos": [
              4717.136230999998,
              271.80716,
              6812.564452999999
            ],
              "ypr": [
              0,
              0,
              0
              ],
              "scale": 1
          }
	]
}