{
    "Objects": [
        {
            "name": "Land_Container_1Aoh",
            "pos": [
                13104.400390625,
                3.0999999046325685,
                3779.1201171875
            ],
            "ypr": [
                -18.0,
                -19.999996185302736,
                0.0
            ]
        },
        {
            "name": "Land_Container_1Aoh",
            "pos": [
                13106.7001953125,
                3.0999999046325685,
                3779.929931640625
            ],
            "ypr": [
                -18.0,
                -19.999996185302736,
                0.0
            ]
        },
        {
            "name": "Land_Ruin_Highway_Pillar1_Garage",
            "pos": [
                13161.900390625,
                4.0,
                3600.10009765625
            ],
            "ypr": [
                72.00001525878906,
                0.0,
                0.0
            ]
        },
        {
            "name": "Land_Castle_Gate",
            "pos": [
                13237.7998046875,
                10.693499565124512,
                3367.639892578125
            ],
            "ypr": [
                -18.0,
                0.0,
                0.0
            ]
        },
        {
            "name": "Land_Tenement_Big",
            "pos": [
                13556.0,
                50.900001525878909,
                3039.97998046875
            ],
            "ypr": [
                -170.99998474121095,
                0.0,
                0.0
            ]
        },
        {
            "name": "Land_Tenement_Big",
            "pos": [
                13996.0,
                46.29999923706055,
                2948.4599609375
            ],
            "ypr": [
                -179.9999237060547,
                0.0,
                0.0
            ]
        },
        {
            "name": "Land_Garage_Small",
            "pos": [
                13444.2998046875,
                5.320000171661377,
                2810.4599609375
            ],
            "ypr": [
                -12.0,
                0.0,
                0.0
            ]
        },
        {
            "name": "Land_Misc_DogHouse",
            "pos": [
                13428.7001953125,
                4.650000095367432,
                2810.10009765625
            ],
            "ypr": [
                -102.0,
                0.0,
                0.0
            ]
        },
        {
            "name": "Land_Castle_Wall1_20",
            "pos": [
                13645.5,
                50.4900016784668,
                2976.260009765625
            ],
            "ypr": [
                53.999996185302737,
                0.0,
                -0.4999998211860657
            ]
        },
        {
            "name": "Land_Castle_Wall1_20",
            "pos": [
                13657.2998046875,
                50.64820098876953,
                2960.080078125
            ],
            "ypr": [
                53.999996185302737,
                0.0,
                -0.4999998211860657
            ]
        },
        {
            "name": "Land_Castle_Bastion",
            "pos": [
                13675.099609375,
                50.70000076293945,
                2948.699951171875
            ],
            "ypr": [
                53.999996185302737,
                0.0,
                0.0
            ]
        },
        {
            "name": "Land_Castle_Donjon",
            "pos": [
                13666.9521484375,
                59.12971496582031,
                2936.06689453125
            ],
            "ypr": [
                53.999996185302737,
                0.0,
                0.0
            ]
        },
        {
            "name": "Land_Castle_Wall1_20",
            "pos": [
                13651.2509765625,
                50.676483154296878,
                2928.41259765625
            ],
            "ypr": [
                144.5,
                0.0,
                0.0
            ]
        },
        {
            "name": "Land_Castle_Wall1_20",
            "pos": [
                13635.0,
                50.70000076293945,
                2916.840087890625
            ],
            "ypr": [
                144.5,
                0.0,
                0.0
            ]
        },
        {
            "name": "Land_Castle_Bergfrit",
            "pos": [
                13619.0810546875,
                46.33061599731445,
                2948.43994140625
            ],
            "ypr": [
                -127.0,
                0.0,
                0.0
            ]
        },
        {
            "name": "Land_Castle_Wall1_20",
            "pos": [
                13618.82421875,
                50.71273422241211,
                2905.307861328125
            ],
            "ypr": [
                144.5,
                0.0,
                0.0
            ]
        },
        {
            "name": "Land_Castle_Bastion",
            "pos": [
                13609.900390625,
                50.45000076293945,
                2974.159912109375
            ],
            "ypr": [
                -32.0,
                0.0,
                0.0
            ]
        },
        {
            "name": "Land_Castle_Wall1_20",
            "pos": [
                13630.7001953125,
                50.45719909667969,
                2978.919921875
            ],
            "ypr": [
                -35.999996185302737,
                0.0,
                0.0
            ]
        },
        {
            "name": "Land_Castle_Wall1_Corner1",
            "pos": [
                13639.0,
                50.54669952392578,
                2983.97998046875
            ],
            "ypr": [
                53.999996185302737,
                0.0,
                0.0
            ]
        },
        {
            "name": "Land_Castle_Wall1_20",
            "pos": [
                13607.8076171875,
                49.84925079345703,
                2934.14990234375
            ],
            "ypr": [
                -38.5,
                0.0,
                0.0
            ]
        },
        {
            "name": "Land_Castle_Bastion",
            "pos": [
                13586.5,
                49.75149917602539,
                2927.699951171875
            ],
            "ypr": [
                -35.999900817871097,
                0.0,
                0.0
            ]
        },
        {
            "name": "Land_Castle_Gate",
            "pos": [
                13588.2998046875,
                45.894798278808597,
                2908.2099609375
            ],
            "ypr": [
                -125.99999237060547,
                0.0,
                0.0
            ]
        },
        {
            "name": "Land_Castle_Bastion",
            "pos": [
                13600.900390625,
                44.45000076293945,
                2892.02001953125
            ],
            "ypr": [
                -179.99989318847657,
                0.0,
                0.0
            ]
        },
        {
            "name": "Land_Castle_Wall1_20",
            "pos": [
                13608.6845703125,
                50.498565673828128,
                2959.774169921875
            ],
            "ypr": [
                -117.99999237060547,
                0.0,
                0.0
            ]
        },
        {
            "name": "Land_House_2B01",
            "pos": [
                13635.599609375,
                48.400001525878909,
                2965.3798828125
            ],
            "ypr": [
                -35.999996185302737,
                0.0,
                0.0
            ]
        },
        {
            "name": "Land_Village_store",
            "pos": [
                13645.2998046875,
                47.220001220703128,
                2950.8701171875
            ],
            "ypr": [
                53.999996185302737,
                0.0,
                0.0
            ]
        },
        {
            "name": "Land_Container_1Aoh",
            "pos": [
                13098.099609375,
                1.0299999713897706,
                3783.110107421875
            ],
            "ypr": [
                -18.0,
                -19.999996185302736,
                0.0
            ]
        },
        {
            "name": "Land_Container_1Aoh",
            "pos": [
                13100.400390625,
                1.0299999713897706,
                3783.8798828125
            ],
            "ypr": [
                -18.0,
                -19.999996185302736,
                0.0
            ]
        },
        {
            "name": "Land_Ruin_Highway_Pillar1_Garage",
            "pos": [
                13154.5,
                4.0,
                3622.989990234375
            ],
            "ypr": [
                72.00001525878906,
                0.0,
                0.0
            ]
        },
        {
            "name": "Land_Ruin_Highway_Pillar1_Garage",
            "pos": [
                13199.0,
                4.0,
                3485.800048828125
            ],
            "ypr": [
                72.00001525878906,
                0.0,
                0.0
            ]
        },
        {
            "name": "Land_Container_1Aoh",
            "pos": [
                13104.900390625,
                1.0299999713897706,
                3785.409912109375
            ],
            "ypr": [
                -18.0,
                -19.999996185302736,
                0.0
            ]
        },
        {
            "name": "Land_Container_1Aoh",
            "pos": [
                13110.599609375,
                3.2048799991607668,
                3775.989990234375
            ],
            "ypr": [
                -18.0,
                0.0,
                0.0
            ]
        },
        {
            "name": "Land_Ruin_Highway_Pillar1_Garage",
            "pos": [
                13147.099609375,
                4.0,
                3645.68994140625
            ],
            "ypr": [
                72.00001525878906,
                0.0,
                0.0
            ]
        },
        {
            "name": "Land_Container_1Aoh",
            "pos": [
                13098.9677734375,
                3.173945903778076,
                3772.23828125
            ],
            "ypr": [
                -18.0,
                0.0,
                0.0
            ]
        },
        {
            "name": "Land_Misc_Toilet_Mobile",
            "pos": [
                13098.2998046875,
                2.299999952316284,
                3776.419921875
            ],
            "ypr": [
                161.9999542236328,
                -89.92086791992188,
                179.99990844726563
            ]
        },
        {
            "name": "Land_Ruin_Highway_Pillar1_Garage",
            "pos": [
                13139.599609375,
                4.0,
                3668.449951171875
            ],
            "ypr": [
                72.00001525878906,
                0.0,
                0.0
            ]
        },
        {
            "name": "Land_Ruin_Highway_Pillar1_Garage",
            "pos": [
                13236.7001953125,
                4.0,
                3371.360107421875
            ],
            "ypr": [
                72.00001525878906,
                0.0,
                0.0
            ]
        },
        {
            "name": "Land_Misc_Toilet_Mobile",
            "pos": [
                13108.625,
                2.3041539192199709,
                3779.764404296875
            ],
            "ypr": [
                161.9999542236328,
                -89.90933990478516,
                179.99989318847657
            ]
        },
        {
            "name": "Land_Ruin_Highway_Pillar1_Garage",
            "pos": [
                13132.099609375,
                4.0,
                3691.409912109375
            ],
            "ypr": [
                72.00001525878906,
                0.0,
                0.0
            ]
        },
        {
            "name": "Land_Ruin_Highway_Pillar1_Garage",
            "pos": [
                13124.7001953125,
                4.0,
                3714.199951171875
            ],
            "ypr": [
                72.00001525878906,
                0.0,
                0.0
            ]
        },
        {
            "name": "Land_Ruin_Highway_Pillar1_Garage",
            "pos": [
                13229.099609375,
                4.0,
                3394.340087890625
            ],
            "ypr": [
                72.00001525878906,
                0.0,
                0.0
            ]
        },
        {
            "name": "Land_Ruin_Highway_Pillar1_Garage",
            "pos": [
                13117.2998046875,
                4.0,
                3736.969970703125
            ],
            "ypr": [
                72.00001525878906,
                0.0,
                0.0
            ]
        },
        {
            "name": "Land_Ruin_Highway_Pillar1_Garage",
            "pos": [
                13221.2998046875,
                4.0,
                3417.330078125
            ],
            "ypr": [
                72.00001525878906,
                0.0,
                0.0
            ]
        },
        {
            "name": "Land_Ruin_Highway_Pillar1_Garage",
            "pos": [
                13109.900390625,
                4.0,
                3759.800048828125
            ],
            "ypr": [
                72.00001525878906,
                0.0,
                0.0
            ]
        },
        {
            "name": "Land_Container_1Aoh",
            "pos": [
                13102.7001953125,
                1.0299999713897706,
                3784.64990234375
            ],
            "ypr": [
                -18.0,
                -19.999996185302736,
                0.0
            ]
        },
        {
            "name": "Land_Ruin_Highway_Pillar1_Garage",
            "pos": [
                13213.7998046875,
                4.0,
                3440.300048828125
            ],
            "ypr": [
                72.00001525878906,
                0.0,
                0.0
            ]
        },
        {
            "name": "Land_Ruin_Highway_Pillar1_Garage",
            "pos": [
                13206.400390625,
                4.0,
                3462.93994140625
            ],
            "ypr": [
                72.00001525878906,
                0.0,
                0.0
            ]
        },
        {
            "name": "Land_Container_1Aoh",
            "pos": [
                13103.7998046875,
                5.099999904632568,
                3772.969970703125
            ],
            "ypr": [
                -18.0,
                -19.999996185302736,
                0.0
            ]
        },
        {
            "name": "Land_Container_1Aoh",
            "pos": [
                13106.099609375,
                5.099999904632568,
                3773.800048828125
            ],
            "ypr": [
                -18.0,
                -19.999996185302736,
                0.0
            ]
        },
        {
            "name": "Land_Container_1Aoh",
            "pos": [
                13108.5,
                5.099999904632568,
                3774.52001953125
            ],
            "ypr": [
                -18.0,
                -19.999996185302736,
                0.0
            ]
        },
        {
            "name": "Land_Ruin_Highway_Pillar1_Garage",
            "pos": [
                13191.599609375,
                4.0,
                3508.7099609375
            ],
            "ypr": [
                72.00001525878906,
                0.0,
                0.0
            ]
        },
        {
            "name": "Land_Ruin_Highway_Pillar1_Garage",
            "pos": [
                13184.2001953125,
                4.0,
                3531.580078125
            ],
            "ypr": [
                72.00001525878906,
                0.0,
                0.0
            ]
        },
        {
            "name": "Land_Container_1Aoh",
            "pos": [
                13099.7998046875,
                3.0999999046325685,
                3777.60009765625
            ],
            "ypr": [
                -18.0,
                -19.999996185302736,
                0.0
            ]
        },
        {
            "name": "Land_Ruin_Highway_Pillar1_Garage",
            "pos": [
                13176.900390625,
                4.0,
                3554.2900390625
            ],
            "ypr": [
                72.00001525878906,
                0.0,
                0.0
            ]
        },
        {
            "name": "Land_Container_1Aoh",
            "pos": [
                13102.099609375,
                3.0999999046325685,
                3778.3701171875
            ],
            "ypr": [
                -18.0,
                -19.999996185302736,
                0.0
            ]
        },
        {
            "name": "Land_Container_1Aoh",
            "pos": [
                13101.5,
                5.099999904632568,
                3772.219970703125
            ],
            "ypr": [
                -18.0,
                -19.999996185302736,
                0.0
            ]
        },
        {
            "name": "Land_Ruin_Highway_Pillar1_Garage",
            "pos": [
                13169.400390625,
                4.0,
                3577.199951171875
            ],
            "ypr": [
                72.00001525878906,
                0.0,
                0.0
            ]
        },
        {
            "name": "Land_Hotel",
            "pos": [
                13495.0,
                24.0,
                2838.280029296875
            ],
            "ypr": [
                99.49998474121094,
                0.0,
                0.0
            ]
        },
        {
            "name": "Land_Garage_Row_Small",
            "pos": [
                13488.2998046875,
                8.699999809265137,
                2808.050048828125
            ],
            "ypr": [
                8.999977111816407,
                0.0,
                0.0
            ]
        },
        {
            "name": "Land_Misc_Polytunnel",
            "pos": [
                13444.599609375,
                5.199999809265137,
                2821.3798828125
            ],
            "ypr": [
                -8.999932289123536,
                0.0,
                0.0
            ]
        },
        {
            "name": "Land_Ruin_Highway_Pillar1",
            "pos": [
                13985.5,
                21.5,
                2945.10009765625
            ],
            "ypr": [
                -90.00001525878906,
                -90.0,
                179.9999542236328
            ]
        },
        {
            "name": "Land_Ruin_Highway_Pillar1",
            "pos": [
                13979.099609375,
                21.5,
                2945.080078125
            ],
            "ypr": [
                90.00001525878906,
                -90.0,
                -0.00003597217801143415
            ]
        },
        {
            "name": "Land_Ruin_Highway_Pillar1",
            "pos": [
                13972.7001953125,
                21.5,
                2945.06005859375
            ],
            "ypr": [
                90.00001525878906,
                -90.0,
                -0.00003597217801143415
            ]
        },
        {
            "name": "Land_Ruin_Highway_Pillar1",
            "pos": [
                13965.5,
                21.5,
                2944.949951171875
            ],
            "ypr": [
                -90.00001525878906,
                -90.0,
                -0.00003597217801143415
            ]
        },
        {
            "name": "Land_Ruin_Highway_Pillar1",
            "pos": [
                13991.900390625,
                21.5,
                2945.179931640625
            ],
            "ypr": [
                90.00001525878906,
                -90.0,
                -0.00003597217801143415
            ]
        },
        {
            "name": "Land_Ruin_Highway_Pillar1",
            "pos": [
                13998.2998046875,
                21.5,
                2945.199951171875
            ],
            "ypr": [
                90.00001525878906,
                -90.0,
                -0.00003597217801143415
            ]
        },
        {
            "name": "Land_Ruin_Highway_Pillar1",
            "pos": [
                14004.7001953125,
                21.5,
                2945.199951171875
            ],
            "ypr": [
                -89.9999771118164,
                -90.0,
                179.99996948242188
            ]
        },
        {
            "name": "Land_Ruin_Highway_Pillar1",
            "pos": [
                14003.599609375,
                23.0,
                2945.10009765625
            ],
            "ypr": [
                -90.0,
                0.0,
                0.0
            ]
        },
        {
            "name": "Land_Garage_Row_Small",
            "pos": [
                13976.599609375,
                28.200000762939454,
                2950.14990234375
            ],
            "ypr": [
                179.9999237060547,
                0.0,
                0.0
            ]
        },
        {
            "name": "Land_BusStop_City",
            "pos": [
                14000.7998046875,
                25.899999618530275,
                2912.489990234375
            ],
            "ypr": [
                170.99998474121095,
                0.0,
                0.0
            ]
        },
        {
            "name": "Land_Lamp_City1_amp",
            "pos": [
                13995.27734375,
                29.854482650756837,
                2913.418212890625
            ],
            "ypr": [
                71.99994659423828,
                -0.0,
                -0.0
            ]
        },
        {
            "name": "Land_Lamp_City1_amp",
            "pos": [
                13865.84375,
                34.7025146484375,
                2876.664794921875
            ],
            "ypr": [
                -135.0001220703125,
                0.0,
                -0.0
            ]
        },
        {
            "name": "Land_Lamp_City1_amp",
            "pos": [
                13629.0791015625,
                48.556190490722659,
                2949.47021484375
            ],
            "ypr": [
                -162.00006103515626,
                0.0,
                -0.0
            ]
        },
        {
            "name": "Land_Lamp_City1_amp",
            "pos": [
                13478.884765625,
                11.415645599365235,
                2811.81982421875
            ],
            "ypr": [
                53.99995803833008,
                -0.0,
                -0.0
            ]
        },
        {
            "name": "Land_Lamp_City1_amp",
            "pos": [
                13491.83984375,
                11.784746170043946,
                2850.318115234375
            ],
            "ypr": [
                35.999996185302737,
                -0.0,
                -0.0
            ]
        },
        {
            "name": "Land_Lamp_City1_amp",
            "pos": [
                13556.720703125,
                34.11149215698242,
                3008.141845703125
            ],
            "ypr": [
                80.99995422363281,
                -0.0,
                -0.0
            ]
        },
        {
            "name": "Land_Lamp_City1_amp",
            "pos": [
                13484.1767578125,
                78.21878051757813,
                3260.48388671875
            ],
            "ypr": [
                -71.99994659423828,
                0.0,
                0.0
            ]
        },
        {
            "name": "Land_Lamp_City1_amp",
            "pos": [
                13413.1669921875,
                6.6635050773620609,
                2846.999755859375
            ],
            "ypr": [
                -9.0,
                0.0,
                0.0
            ]
        },
        {
            "name": "Land_Lamp_City1_amp",
            "pos": [
                13421.2509765625,
                8.301555633544922,
                2797.705078125
            ],
            "ypr": [
                -71.99994659423828,
                0.0,
                0.0
            ]
        },
        {
            "name": "Land_Misc_Well_Pump_Blue",
            "pos": [
                13477.7001953125,
                7.099999904632568,
                2809.97998046875
            ],
            "ypr": [
                -120.0,
                0.0,
                0.0
            ]
        },
        {
            "name": "Land_Village_HealthCare",
            "pos": [
                13615.7001953125,
                44.599998474121097,
                3028.06005859375
            ],
            "ypr": [
                -144.0,
                0.0,
                0.0
            ]
        },
        {
            "name": "Land_Barn_Brick1",
            "pos": [
                13890.2998046875,
                37.0,
                2911.429931640625
            ],
            "ypr": [
                72.00000762939453,
                0.0,
                0.0
            ]
        },
        {
            "name": "Land_Misc_FeedShack",
            "pos": [
                14138.400390625,
                21.799999237060548,
                2747.18994140625
            ],
            "ypr": [
                -44.0,
                0.0,
                0.0
            ]
        },
        {
            "name": "Land_Lamp_City1_amp",
            "pos": [
                13969.1142578125,
                30.849868774414064,
                2946.21826171875
            ],
            "ypr": [
                -71.99994659423828,
                0.0,
                0.0
            ]
        },
        {
            "name": "Land_Boathouse",
            "pos": [
                14158.5,
                -1.2000000476837159,
                2930.2900390625
            ],
            "ypr": [
                -90.0,
                0.0,
                0.0
            ]
        },
        {
            "name": "Land_CementWorks_ExpeditionB",
            "pos": [
                14133.599609375,
                0.800000011920929,
                2936.449951171875
            ],
            "ypr": [
                0.0,
                0.0,
                0.0
            ]
        },
        {
            "name": "Land_Boat_Small5",
            "pos": [
                14157.0,
                0.5,
                2928.0400390625
            ],
            "ypr": [
                -90.0,
                28.999971389770509,
                0.0
            ]
        },
        {
            "name": "Land_Boat_Small1",
            "pos": [
                14160.5,
                2.619999885559082,
                2922.840087890625
            ],
            "ypr": [
                179.99993896484376,
                0.0,
                0.0
            ]
        },
        {
            "name": "Land_House_1W03",
            "pos": [
                13897.900390625,
                19.799999237060548,
                2802.510009765625
            ],
            "ypr": [
                -90.00020599365235,
                0.0,
                0.0
            ]
        },
        {
            "name": "Land_misc_chickenCoop",
            "pos": [
                13901.599609375,
                17.799999237060548,
                2809.1298828125
            ],
            "ypr": [
                107.99999237060547,
                0.0,
                0.0
            ]
        },
        {
            "name": "Land_Shed_W1",
            "pos": [
                13904.599609375,
                19.200000762939454,
                2815.7900390625
            ],
            "ypr": [
                18.0,
                0.0,
                0.0
            ]
        },
        {
            "name": "Land_Workshop1",
            "pos": [
                13458.7998046875,
                4.699999809265137,
                3007.580078125
            ],
            "ypr": [
                -89.99967956542969,
                0.0,
                0.0
            ]
        },
        {
            "name": "Land_Lamp_City1_amp",
            "pos": [
                13455.9375,
                7.787267208099365,
                3003.486083984375
            ],
            "ypr": [
                -53.99998474121094,
                0.0,
                0.0
            ]
        },
        {
            "name": "Land_Misc_DeerStand1",
            "pos": [
                14001.525390625,
                24.026187896728517,
                2819.865234375
            ],
            "ypr": [
                -53.99998474121094,
                0.0,
                0.0
            ]
        },
        {
            "name": "Land_Misc_Toilet_Dry",
            "pos": [
                13847.0244140625,
                31.98626708984375,
                2883.739990234375
            ],
            "ypr": [
                152.99977111816407,
                0.0,
                -0.0
            ]
        },
        {
            "name": "Land_misc_chickenCoop",
            "pos": [
                13856.5,
                32.400001525878909,
                2896.889892578125
            ],
            "ypr": [
                125.99999237060547,
                0.0,
                0.0
            ]
        },
        {
            "name": "Land_Misc_TrailRoof_Big",
            "pos": [
                13548.5,
                30.600000381469728,
                3024.830078125
            ],
            "ypr": [
                -135.0,
                -9.499999046325684,
                0.0
            ]
        },
        {
            "name": "Land_Container_1Aoh",
            "pos": [
                13347.900390625,
                2.0804901123046877,
                2843.030029296875
            ],
            "ypr": [
                -79.19999694824219,
                -15.299997329711914,
                0.0
            ]
        },
        {
            "name": "Land_Container_1Bo",
            "pos": [
                13346.5,
                1.2203799486160279,
                2847.659912109375
            ],
            "ypr": [
                -108.0,
                -30.69999885559082,
                9.0
            ]
        },
        {
            "name": "Land_Ship_Big_FrontA",
            "pos": [
                13255.7998046875,
                17.4949951171875,
                2850.989990234375
            ],
            "ypr": [
                0.0,
                0.0,
                0.0
            ]
        },
        {
            "name": "Land_Ship_Big_FrontB",
            "pos": [
                13235.900390625,
                15.993995666503907,
                2848.669921875
            ],
            "ypr": [
                0.0,
                0.0,
                0.0
            ]
        },
        {
            "name": "Land_Ship_Big_BackA",
            "pos": [
                13200.5,
                17.52129554748535,
                2847.419921875
            ],
            "ypr": [
                0.0,
                0.0,
                0.0
            ]
        },
        {
            "name": "Land_Ship_Big_BackB",
            "pos": [
                13180.7998046875,
                16.003995895385743,
                2848.02001953125
            ],
            "ypr": [
                0.0,
                0.0,
                0.0
            ]
        },
        {
            "name": "Land_Ship_Big_Castle",
            "pos": [
                13192.2001953125,
                26.159996032714845,
                2847.820068359375
            ],
            "ypr": [
                0.0,
                0.0,
                0.0
            ]
        },
        {
            "name": "Land_Misc_DeerStand1",
            "pos": [
                13323.0,
                50.79999923706055,
                3166.080078125
            ],
            "ypr": [
                35.999996185302737,
                0.0,
                0.0
            ]
        },
        {
            "name": "Land_Misc_DeerStand1",
            "pos": [
                13565.7998046875,
                52.70000076293945,
                3337.919921875
            ],
            "ypr": [
                -170.99998474121095,
                0.0,
                0.0
            ]
        },
        {
            "name": "Land_Radio_PanelBig",
            "pos": [
                13635.099609375,
                47.400001525878909,
                2969.8701171875
            ],
            "ypr": [
                -35.70000076293945,
                0.0,
                0.0
            ]
        },
        {
            "name": "Land_Radio_PanelPAS",
            "pos": [
                13636.400390625,
                47.400001525878909,
                2968.139892578125
            ],
            "ypr": [
                -36.30000305175781,
                0.0,
                0.0
            ]
        },
        {
            "name": "Land_Roadblock_WoodenCrate",
            "pos": [
                13646.7822265625,
                44.704200744628909,
                2956.8564453125
            ],
            "ypr": [
                53.999969482421878,
                -0.0,
                -0.0
            ]
        },
        {
            "name": "Land_Roadblock_WoodenCrate",
            "pos": [
                13646.7998046875,
                45.29999923706055,
                2956.85009765625
            ],
            "ypr": [
                53.999996185302737,
                0.0,
                0.0
            ]
        },
        {
            "name": "Land_Roadblock_WoodenCrate",
            "pos": [
                13646.7998046875,
                45.900001525878909,
                2956.860107421875
            ],
            "ypr": [
                53.999996185302737,
                0.0,
                0.0
            ]
        },
        {
            "name": "Land_Roadblock_WoodenCrate",
            "pos": [
                13646.7998046875,
                46.5,
                2956.860107421875
            ],
            "ypr": [
                53.999996185302737,
                0.0,
                0.0
            ]
        },
        {
            "name": "Land_Misc_Polytunnel",
            "pos": [
                13611.400390625,
                44.900001525878909,
                2971.159912109375
            ],
            "ypr": [
                -123.29996490478516,
                0.0,
                0.0
            ]
        },
        {
            "name": "Land_Church1_Yellow",
            "pos": [
                13710.099609375,
                52.7400016784668,
                2937.75
            ],
            "ypr": [
                -136.39999389648438,
                0.0,
                0.0
            ]
        },
        {
            "name": "Land_Wreck_Caravan_MRust",
            "pos": [
                13712.2001953125,
                49.04840087890625,
                2966.8798828125
            ],
            "ypr": [
                -90.0,
                -3.878269672393799,
                -2.2092387676239015
            ]
        },
        {
            "name": "Land_Dead_MassGrave",
            "pos": [
                13685.5,
                16.0,
                2767.7099609375
            ],
            "ypr": [
                0.0,
                0.0,
                0.0
            ]
        },
        {
            "name": "Land_Village_PoliceStation",
            "pos": [
                13459.599609375,
                10.699999809265137,
                2888.179931640625
            ],
            "ypr": [
                90.0,
                0.0,
                0.0
            ]
        },
        {
            "name": "Land_Lamp_City1_amp",
            "pos": [
                13451.3466796875,
                8.120241165161133,
                2890.4423828125
            ],
            "ypr": [
                0.0,
                -0.0,
                -0.0
            ]
        },
        {
            "name": "Land_misc_chickenCoop",
            "pos": [
                13283.2998046875,
                12.100000381469727,
                2768.5
            ],
            "ypr": [
                -80.9999771118164,
                0.0,
                0.0
            ]
        },
        {
            "name": "Land_Misc_TrailRoof_Big",
            "pos": [
                13238.2998046875,
                43.29759979248047,
                3195.590087890625
            ],
            "ypr": [
                -98.99998474121094,
                -2.099999189376831,
                0.22260995209217072
            ]
        },
        {
            "name": "Land_Misc_TrailRoof_Small",
            "pos": [
                13233.599609375,
                42.49909973144531,
                3192.68994140625
            ],
            "ypr": [
                -9.0,
                -0.2099999487400055,
                -3.2799999713897707
            ]
        },
        {
            "name": "Land_Boathouse",
            "pos": [
                13404.2998046875,
                -1.7000000476837159,
                2900.909912109375
            ],
            "ypr": [
                173.99996948242188,
                0.0,
                0.0
            ]
        },
        {
            "name": "Land_Boat_Small5",
            "pos": [
                13402.099609375,
                -2.0,
                2900.2900390625
            ],
            "ypr": [
                -9.0,
                -19.999996185302736,
                0.0
            ]
        },
        {
            "name": "Land_Wreck_Trailer_Closed",
            "pos": [
                13888.400390625,
                32.80030059814453,
                2912.75
            ],
            "ypr": [
                170.99998474121095,
                0.0,
                0.0
            ]
        },
        {
            "name": "Land_Wreck_Harverster",
            "pos": [
                13908.0107421875,
                32.96400451660156,
                2919.31689453125
            ],
            "ypr": [
                -18.0000057220459,
                0.0,
                0.0
            ]
        },
        {
            "name": "Land_Wreck_Harvester_head_trailer",
            "pos": [
                13903.3583984375,
                32.43190383911133,
                2918.150390625
            ],
            "ypr": [
                161.99986267089845,
                0.0,
                -0.0
            ]
        },
        {
            "name": "Land_Wreck_Tractor",
            "pos": [
                13886.103515625,
                33.31617736816406,
                2922.324462890625
            ],
            "ypr": [
                -17.99991226196289,
                0.0,
                0.0
            ]
        },
        {
            "name": "Land_Farm_Hopper",
            "pos": [
                13898.2001953125,
                37.400001525878909,
                2921.85009765625
            ],
            "ypr": [
                -18.0,
                0.0,
                0.0
            ]
        },
        {
            "name": "Land_Misc_Through_Static",
            "pos": [
                13874.7509765625,
                32.886104583740237,
                2929.5478515625
            ],
            "ypr": [
                35.999996185302737,
                -0.0,
                -0.0
            ]
        },
        {
            "name": "Land_Power_Station",
            "pos": [
                13463.7998046875,
                6.0574798583984379,
                2990.27001953125
            ],
            "ypr": [
                -179.99996948242188,
                0.0,
                0.0
            ]
        },
        {
            "name": "Land_Water_Station",
            "pos": [
                13478.099609375,
                8.100000381469727,
                2804.3798828125
            ],
            "ypr": [
                -80.79999542236328,
                0.0,
                0.0
            ]
        }
    ]
}