{
    "Objects": [
        {
            "name": "Land_Train_742_Red",
            "pos": [
                12907.599609375,
                8.300000190734864,
                9476.5
            ],
            "ypr": [
                61.0,
                0.0,
                0.0
            ]
        },
        {
            "name": "Land_Train_742_Red",
            "pos": [
                12896.0,
                8.300000190734864,
                9470.0
            ],
            "ypr": [
                58.000003814697269,
                0.0,
                0.0
            ]
        },
        {
            "name": "Land_Train_Wagon_Box",
            "pos": [
                12885.400390625,
                7.900000095367432,
                9462.1396484375
            ],
            "ypr": [
                53.0,
                0.0,
                0.0
            ]
        },
        {
            "name": "Land_Train_Wagon_Box",
            "pos": [
                12876.099609375,
                7.800000190734863,
                9454.400390625
            ],
            "ypr": [
                46.99999237060547,
                0.0,
                0.0
            ]
        },
        {
            "name": "Land_Train_Wagon_Box",
            "pos": [
                12867.5,
                7.849999904632568,
                9445.900390625
            ],
            "ypr": [
                43.5,
                0.0,
                0.0
            ]
        },
        {
            "name": "Land_Train_Wagon_Box",
            "pos": [
                12859.900390625,
                7.900000095367432,
                9436.7998046875
            ],
            "ypr": [
                36.9999885559082,
                0.0,
                0.0
            ]
        },
        {
            "name": "Land_Train_Wagon_Box",
            "pos": [
                12853.0,
                7.900000095367432,
                9426.849609375
            ],
            "ypr": [
                33.4999885559082,
                0.0,
                0.0
            ]
        },
        {
            "name": "Land_Train_Wagon_Box",
            "pos": [
                12846.5,
                7.900000095367432,
                9416.5302734375
            ],
            "ypr": [
                32.0,
                0.0,
                0.0
            ]
        },
        {
            "name": "Land_Train_Wagon_Box",
            "pos": [
                12839.7998046875,
                7.849999904632568,
                9406.0
            ],
            "ypr": [
                30.5,
                0.0,
                0.0
            ]
        },
        {
            "name": "Land_Train_Wagon_Box",
            "pos": [
                12834.7998046875,
                7.849999904632568,
                9395.1904296875
            ],
            "ypr": [
                21.0,
                0.0,
                0.0
            ]
        },
        {
            "name": "Land_Train_Wagon_Box",
            "pos": [
                12831.099609375,
                7.78000020980835,
                9383.5595703125
            ],
            "ypr": [
                15.5,
                0.0,
                0.0
            ]
        },
        {
            "name": "Land_Train_Wagon_Box",
            "pos": [
                12828.2001953125,
                7.78000020980835,
                9371.9501953125
            ],
            "ypr": [
                13.0,
                0.0,
                0.0
            ]
        },
        {
            "name": "Land_Train_Wagon_Box",
            "pos": [
                12825.2998046875,
                7.699999809265137,
                9360.01953125
            ],
            "ypr": [
                13.999998092651368,
                0.0,
                0.0
            ]
        },
        {
            "name": "TrashCan",
            "pos": [
                12913.400390625,
                6.0843400955200199,
                9577.1103515625
            ],
            "ypr": [
                0.0,
                0.0,
                0.0
            ]
        },
        {
            "name": "TrashCan",
            "pos": [
                12919.400390625,
                6.242670059204102,
                9612.8095703125
            ],
            "ypr": [
                0.0,
                0.0,
                0.0
            ]
        },
        {
            "name": "Land_Ship_Big_FrontA",
            "pos": [
                13027.7998046875,
                14.6943998336792,
                9511.4296875
            ],
            "ypr": [
                -144.0,
                -22.9999942779541,
                0.0
            ]
        },
        {
            "name": "Land_Ship_Big_BackA",
            "pos": [
                13056.599609375,
                12.92199993133545,
                9499.5703125
            ],
            "ypr": [
                -144.0,
                -0.49999985098838808,
                -0.49999985098838808
            ]
        },
        {
            "name": "Land_Ship_Big_BackB",
            "pos": [
                13072.2001953125,
                11.199999809265137,
                9487.5
            ],
            "ypr": [
                -144.0,
                0.0,
                -0.9999997019767761
            ]
        },
        {
            "name": "Land_Construction_Crane",
            "pos": [
                13042.5,
                19.200000762939454,
                9481.1201171875
            ],
            "ypr": [
                0.0,
                0.0,
                0.0
            ]
        },
        {
            "name": "Land_Ship_Big_Castle",
            "pos": [
                13047.7998046875,
                6.11460018157959,
                9551.0302734375
            ],
            "ypr": [
                -127.99996185302735,
                3.9999988079071047,
                -12.0
            ]
        },
        {
            "name": "Land_Ship_Big_FrontB",
            "pos": [
                13071.900390625,
                6.420300006866455,
                9534.0
            ],
            "ypr": [
                16.5,
                3.499999523162842,
                -11.5
            ]
        },
        {
            "name": "Land_Boat_Small4",
            "pos": [
                13065.7265625,
                2.832704782485962,
                9625.498046875
            ],
            "ypr": [
                125.99992370605469,
                0.0,
                -0.0
            ]
        },
        {
            "name": "Land_Boat_Small6",
            "pos": [
                13052.900390625,
                4.088469982147217,
                9572.259765625
            ],
            "ypr": [
                117.0,
                -4.5,
                0.0
            ]
        },
        {
            "name": "Land_Boat_Small4",
            "pos": [
                13057.099609375,
                3.4000000953674318,
                9581.8203125
            ],
            "ypr": [
                125.99999237060547,
                0.0,
                0.0
            ]
        },
        {
            "name": "Land_Boat_Small6",
            "pos": [
                13078.400390625,
                3.8018500804901125,
                9629.5498046875
            ],
            "ypr": [
                117.0,
                -3.0,
                0.0
            ]
        },
        {
            "name": "Land_Boat_Small5",
            "pos": [
                13078.7001953125,
                2.4346799850463869,
                9613.9599609375
            ],
            "ypr": [
                -72.00001525878906,
                0.0,
                0.0
            ]
        },
        {
            "name": "Land_Boat_Small6",
            "pos": [
                13109.0,
                1.1030399799346924,
                9594.01953125
            ],
            "ypr": [
                72.00001525878906,
                0.0,
                0.0
            ]
        },
        {
            "name": "Land_Pier_Crane_A",
            "pos": [
                12957.73828125,
                11.121710777282715,
                9510.013671875
            ],
            "ypr": [
                45.0,
                -0.0,
                -0.0
            ]
        },
        {
            "name": "Land_Pier_Crane_B",
            "pos": [
                12957.7998046875,
                24.278099060058595,
                9504.98046875
            ],
            "ypr": [
                83.0,
                0.0,
                0.0
            ]
        },
        {
            "name": "Land_Wall_Gate_FenR",
            "pos": [
                12963.400390625,
                4.065849781036377,
                9509.259765625
            ],
            "ypr": [
                -45.0,
                0.0,
                0.0
            ]
        },
        {
            "name": "Land_wreck_truck01_aban2_green",
            "pos": [
                13000.400390625,
                1.7833600044250489,
                9507.9296875
            ],
            "ypr": [
                63.0,
                0.0,
                0.0
            ]
        },
        {
            "name": "Land_Slum_House5",
            "pos": [
                12988.2998046875,
                4.005189895629883,
                9472.5
            ],
            "ypr": [
                -144.0,
                0.0,
                0.0
            ]
        },
        {
            "name": "Land_Workshop_FuelStation",
            "pos": [
                12931.5,
                7.828700065612793,
                9505.2197265625
            ],
            "ypr": [
                -80.9999008178711,
                0.0,
                0.0
            ]
        },
        {
            "name": "Land_Slum_House4",
            "pos": [
                13004.7998046875,
                3.632240056991577,
                9472.4296875
            ],
            "ypr": [
                125.99999237060547,
                0.0,
                0.0
            ]
        },
        {
            "name": "Land_Slum_House6",
            "pos": [
                12999.900390625,
                3.066999912261963,
                9465.7197265625
            ],
            "ypr": [
                125.99999237060547,
                0.0,
                0.0
            ]
        },
        {
            "name": "Land_Ruin_Highway_Pillar1",
            "pos": [
                12957.900390625,
                0.5,
                9502.01953125
            ],
            "ypr": [
                -41.5000114440918,
                -90.0,
                178.0
            ]
        },
        {
            "name": "Land_Ruin_Highway_Pillar1_Garage",
            "pos": [
                12944.5,
                2.450000047683716,
                9500.25
            ],
            "ypr": [
                45.0,
                -0.9999997019767761,
                0.9999997019767761
            ]
        },
        {
            "name": "Land_Ruin_Highway_Pillar1_Garage",
            "pos": [
                12961.099609375,
                2.0,
                9483.330078125
            ],
            "ypr": [
                45.0,
                0.0,
                0.9999997019767761
            ]
        },
        {
            "name": "Land_Ruin_Highway_Pillar1_Garage",
            "pos": [
                12974.287109375,
                1.2026700973510743,
                9473.72265625
            ],
            "ypr": [
                137.99978637695313,
                -8.499995231628418,
                0.0
            ]
        },
        {
            "name": "Land_Ruin_Highway_Pillar1",
            "pos": [
                12980.599609375,
                -1.1124199628829957,
                9465.9599609375
            ],
            "ypr": [
                -129.5,
                -89.49992370605469,
                178.49996948242188
            ]
        },
        {
            "name": "Land_Pipe_Big_BuildR",
            "pos": [
                13028.099609375,
                -1.5522099733352662,
                9503.75
            ],
            "ypr": [
                0.0,
                0.0,
                0.0
            ]
        },
        {
            "name": "Land_Tisy_RadarB_Base",
            "pos": [
                13095.599609375,
                -5.338669776916504,
                9559.83984375
            ],
            "ypr": [
                0.0,
                0.0,
                0.0
            ]
        },
        {
            "name": "Land_Wreck_Uaz",
            "pos": [
                13066.0,
                2.149519920349121,
                9564.900390625
            ],
            "ypr": [
                0.0,
                0.0,
                0.0
            ]
        },
        {
            "name": "Land_Wreck_hb01_aban1_police",
            "pos": [
                12936.7001953125,
                6.949999809265137,
                9505.099609375
            ],
            "ypr": [
                0.0,
                0.0,
                0.0
            ]
        },
        {
            "name": "Land_Ruin_Smokestack_Metal",
            "pos": [
                13038.2998046875,
                3.169029951095581,
                9461.0595703125
            ],
            "ypr": [
                0.0,
                0.0,
                0.0
            ]
        },
        {
            "name": "Land_Boat_Small6",
            "pos": [
                13017.5,
                -2.358959913253784,
                9461.9296875
            ],
            "ypr": [
                -61.499900817871097,
                75.99999237060547,
                0.0
            ]
        },
        {
            "name": "Land_Pipe_Big_CornerL",
            "pos": [
                13050.900390625,
                21.728700637817384,
                9481.009765625
            ],
            "ypr": [
                -175.99996948242188,
                -52.99999237060547,
                86.50000762939453
            ]
        },
        {
            "name": "Land_Ship_Big_FrontA",
            "pos": [
                12957.841796875,
                20.74686622619629,
                9412.0009765625
            ],
            "ypr": [
                -143.99989318847657,
                0.0,
                -0.0
            ]
        },
        {
            "name": "Land_Ship_Big_FrontB",
            "pos": [
                12975.2998046875,
                19.315000534057618,
                9402.2998046875
            ],
            "ypr": [
                -144.0,
                0.0,
                0.0
            ]
        },
        {
            "name": "Land_Ship_Big_BackB",
            "pos": [
                13039.2998046875,
                -2.3006999492645265,
                9419.0400390625
            ],
            "ypr": [
                22.500001907348634,
                0.9999999403953552,
                39.499996185302737
            ]
        },
        {
            "name": "Land_Workshop3",
            "pos": [
                12947.599609375,
                7.150000095367432,
                9487.0400390625
            ],
            "ypr": [
                -45.0,
                0.0,
                0.0
            ]
        },
        {
            "name": "Land_Shed_M4",
            "pos": [
                12962.7001953125,
                6.306459903717041,
                9473.240234375
            ],
            "ypr": [
                133.9999542236328,
                0.0,
                0.0
            ]
        },
        {
            "name": "Land_Construction_Crane",
            "pos": [
                12990.5,
                22.700000762939454,
                9424.0
            ],
            "ypr": [
                98.99998474121094,
                0.0,
                0.0
            ]
        },
        {
            "name": "Land_wreck_truck01_aban2_orange",
            "pos": [
                12955.5,
                5.489999771118164,
                9491.7900390625
            ],
            "ypr": [
                -45.0,
                0.0,
                0.0
            ]
        },
        {
            "name": "Land_Ship_Big_Castle",
            "pos": [
                13062.5,
                21.636899948120118,
                9494.7998046875
            ],
            "ypr": [
                -144.0,
                0.0,
                0.0
            ]
        },
        {
            "name": "Land_Wreck_hb02_aban1_blue",
            "pos": [
                12821.2001953125,
                6.699999809265137,
                9382.849609375
            ],
            "ypr": [
                -53.999996185302737,
                0.0,
                0.0
            ]
        },
        {
            "name": "Land_Wreck_hb01_aban2_police",
            "pos": [
                12817.2998046875,
                6.849999904632568,
                9385.7998046875
            ],
            "ypr": [
                -53.999996185302737,
                0.0,
                0.0
            ]
        },
        {
            "name": "Land_Wreck_sed01_aban1_white",
            "pos": [
                12812.7998046875,
                6.670000076293945,
                9389.3701171875
            ],
            "ypr": [
                -53.999996185302737,
                0.0,
                0.0
            ]
        },
        {
            "name": "Land_Wreck_Ikarus",
            "pos": [
                12852.0,
                7.187580108642578,
                9367.98046875
            ],
            "ypr": [
                98.99998474121094,
                0.0,
                0.0
            ]
        },
        {
            "name": "Land_Wreck_sed02_aban1_grey",
            "pos": [
                12861.7998046875,
                6.920000076293945,
                9365.83984375
            ],
            "ypr": [
                98.99998474121094,
                0.0,
                0.0
            ]
        },
        {
            "name": "Land_Ship_Big_FrontA",
            "pos": [
                7912.60986328125,
                12.160099983215332,
                2883.06005859375
            ],
            "ypr": [
                0.0,
                0.0,
                0.0
            ]
        },
        {
            "name": "Land_Ship_Big_FrontB",
            "pos": [
                7892.89990234375,
                10.670000076293946,
                2880.5
            ],
            "ypr": [
                -0.9999998211860657,
                0.0,
                0.0
            ]
        },
        {
            "name": "Land_Ship_Big_BackA",
            "pos": [
                7857.31005859375,
                12.234600067138672,
                2878.97998046875
            ],
            "ypr": [
                0.0,
                0.0,
                0.0
            ]
        },
        {
            "name": "Land_Ship_Big_BackB",
            "pos": [
                7837.6298828125,
                10.699999809265137,
                2879.590087890625
            ],
            "ypr": [
                0.0,
                0.0,
                0.0
            ]
        },
        {
            "name": "Land_Ship_Big_Castle",
            "pos": [
                7848.89990234375,
                20.799999237060548,
                2879.510009765625
            ],
            "ypr": [
                -0.3999999463558197,
                0.0,
                0.0
            ]
        },
        {
            "name": "Aug",
            "pos": [
                7849.2998046875,
                18.594900131225587,
                2879.60009765625
            ],
            "ypr": [
                -90.49998474121094,
                0.0,
                -1.5
            ]
        },
        {
            "name": "Mag_Aug_30Rnd",
            "pos": [
                7849.27978515625,
                18.33880043029785,
                2879.52001953125
            ],
            "ypr": [
                -90.0,
                0.0,
                0.0
            ]
        },
        {
            "name": "Land_Ship_Big_Castle",
            "pos": [
                13088.2998046875,
                8.8233003616333,
                9555.490234375
            ],
            "ypr": [
                0.0,
                0.0,
                0.0
            ]
        },
        {
            "name": "Land_Ship_Big_FrontA",
            "pos": [
                13119.2001953125,
                -10.270400047302246,
                9557.7900390625
            ],
            "ypr": [
                0.0,
                -1.5,
                -27.499998092651368
            ]
        }
    ]
}