<?xml version="1.0" encoding="UTF-8" standalone="yes"?>
<messages>

    <message>
        <deadline>0</deadline>
        <shutdown>0</shutdown>
        <text>Server will Restart in #tmin minutes.</text>
    </message>

    <message>
        <repeat>25</repeat>
        <text>• Hope You Enjoy The Server please join our Discord https://discord.gg/4UzyUxNF7U •</text>
    </message>

    <message>
        <delay>0</delay>
        <repeat>50</repeat>
        <onconnect>1</onconnect>
        <text>• Server Creator's Xbox Account • XTG Lucifer •</text>
    </message>

    <message>
        <delay>1</delay>
        <repeat>50</repeat>
        <onconnect>1</onconnect>
        <text>• in-Game Currency is Cannabis • 1Bud is Worth £10 •</text>
    </message>
    
    <message>
        <delay>1</delay>
        <repeat>50</repeat>
        <onconnect>1</onconnect>
        <text>• Zombie Hordes • HighLoot • Atmospheric Overhauled Map • Trader Green Mountain • </text>
    </message>
    
	<message>
        <delay>0</delay>
        <repeat>50</repeat>
        <onconnect>1</onconnect>
        <text>• XTG Lucifer • make's Modded Custom Base's With Guns Loot Cars and More (£20-£30-GBP)</text>
    </message>

    <message>
        <delay>0</delay>
        <onconnect>1</onconnect>
        <text>• Explore Our Custom Apocalyptic world • PVP • Build • Hunt • Trade • Discord.gg/4UzyUxNF7U •</text>
    </message>

</messages>