{
	"version": 119,
	"GeneralData":
	{
		"disableBaseDamage": 0,
		"disableContainerDamage": 0,
		"disableRespawnDialog": 0
	},
    "PlayerData":
	{
		"disablePersonalLight": 0,
		"StaminaData":
		{
			"sprintStaminaModifierErc": 0.1,
			"sprintStaminaModifierCro": 0.1,
			"staminaWeightLimitThreshold": 6000.0,
			"staminaMax": 10000.0,
			"staminaKgToStaminaPercentPenalty": 1.75,
			"staminaMinCap": 0.1
		},
		"ShockHandlingData":
		{
			"shockRefillSpeedConscious": 5.0,
			"shockRefillSpeedUnconscious": 5.0,
			"allowRefillSpeedModifier": true
		},
		"MovementData":
		{
			"timeToStrafeJog": 0.1,
			"rotationSpeedJog": 0.3,
			"timeToSprint": 0.45,
			"timeToStrafeSprint": 0.3,
			"rotationSpeedSprint": 0.15
		},
		"DrowningData":
		{
			"staminaDepletionSpeed": 1.0,
			"healthDepletionSpeed": 10.0,
			"shockDepletionSpeed": 1.0
		}
	},
	"WorldsData":
	{
		"lightingConfig": 1,
		"objectSpawnersArr": [
			"custom/Berezino_With_Offsets.json",
            "custom/GRN_MNT_NAYBORHOOD.json",
			"custom/SpawnAreaLoot.json",
            "custom/PrisonBridge.json",
            "custom/BalotaChurch.json",
            "custom/NewCherno1.json",
			"custom/Balota_circel.json",
            "custom/Land_House_1W02_Revamp.json",
            "custom/Land_House_1W01_Cherno.json",
            "custom/house2w02.json",
            "custom/Hospital_Revamp.json",
            "custom/Berezino_ZERTA_V1.json",
            "custom/BZ-SUPERSTORE.json",
            "custom/PandaBase.json",
			"custom/BalotaAFMaster.json",
			"custom/BalotaFuelJson.json",
			"custom/BerenzinoMilCompound.json",
			"custom/ChernoWestFuel.json",
			"custom/DabZSolFactoryJson.json",
			"custom/GorkaFuel.json",
			"custom/GorkaOverhaul.json",
			"custom/KabaninoOverhaul.json",
			"custom/KomarovoOverhaul.json",
			"custom/KumyrnaTheAfterMatchLilBob.json",
			"custom/NovySobor118.json",
			"custom/PavlovoOverhaul.json",
			"custom/PustoshkaFuelStation.json",
			"custom/SolnichniyFuelSlum.json",
			"custom/StaroyeOverhaul.json",
            "custom/Spawn_Starter_Items_By_MephistoGaming.json",
			"custom/VyborOverhaul.json",
			"custom/VysotovoBase.json",
			"custom/Balota_city.json",
            "custom/EastChernoSwampEastChernoSwamp.json",
			"custom/Bor.json",
            "custom/skalislandfull.json",
			"custom/Dolina.json",
			"custom/DolinaSmallStreet.json",
			"custom/Gorka.json",
			"custom/Kamyshovo.json",
			"custom/Khelm.json",
			"custom/Komarovo.json",
			"custom/Mogilevka.json",
			"custom/Msta.json",
			"custom/NadezhdinoandSmallCityRoad.json",
			"custom/Novy_Sober.json",
			"custom/Pavlovo.json",
			"custom/Pogorevka.json",
			"custom/Polana.json",
			"custom/Pulkovo.json",
			"custom/PustaandCircelChernos2.json",
			"custom/Rogovo.json",
			"custom/SmallCityNorthToBalota.json",
			"custom/Solnichniy.json",
			"custom/TrainStationChernogorsk.json",
			"custom/Tulga.json",
			"custom/Vavilovo.json",
			"custom/WindPowers.json",
			"custom/CHERNO_2_With_Offsets2.json",
			"custom/Chernogorsk_Enhancement1_With_OffSets.json",
			"custom/Chernogorsk_Enhancement2_With_OffSets.json",
			"custom/Chernogorsk_Forrest_1_With_OffSets.json",
			"custom/Chernogorsk_Forrest_2_With_OffSets.json",
			"custom/ChernoGrass_1_With_Offsets.json",
			"custom/ChernoGrass_2_Part2.json",
			"custom/ChernoGrass_2_With_Offsets.json",
			"custom/ChernoHighSchool.json",
			"custom/Elektrozavodsk_With_OffSets.json",
			"custom/elek2.json",
			"custom/Evacuation_With_OffSets.json",
			"custom/factory.json",
			"custom/Gorka_With_OffSets.json",
			"custom/GrassCoastRoad.json",
			"custom/Kamenka_With_OffSets.json",
			"custom/Kamyshovo_With_OffSets.json",
			"custom/kamyshovo_2_OffsetPART2.json",
			"custom/Krutoy_Cap_With_OffSets.json",
			"custom/Myshkino_With_OffSets.json",
			"custom/Nadezhdino_With_OffSets.json",
			"custom/RandomStuff_With_OffSets.json",
			"custom/Roads_With_OffSets.json",
			"custom/Svet2part2.json",
			"custom/Svet_PART2.json",
			"custom/Sea_Platform.json",
			"custom/Solnechniy_With_OffSets.json",
			"custom/Staroye_With_OffSets.json",
			"custom/Svetloyarsk_1_With_OffSets.json",
			"custom/Svetloyarsk_2_With_OffSets.json",
			"custom/Tisy_With_OffSets.json",
			"custom/moreBuildings-Vibor.json",
			"custom/road-blocks-chernarus.json",
			"custom/SocialZone.json",
			"custom/wolf.json",
            "custom/BZ2.json",
            "custom/BZ-LAB-FM.json",
            "custom/BZ-MS.json",
            "custom/BZ-PH.json",
            "custom/BZ-SAB.json",
            "custom/BZ-SAB2.json",
            "custom/SAB3.json",
            "custom/Land_House_1W12_Brown_Grass.json",
            "custom/Land_House_1W12_Brown_Structure.json",
            "custom/Land_Rail_Station_Big_Overhaul_8_Locations.json",
            "custom/1W11_Barricade_LIGHT.json",
			"custom/1W11_Debris1.json",
			"custom/1W11_Debris2.json",
			"custom/1W11_Decoration_1_LIGHT.json",
			"custom/1W11_Decoration_2_LIGHT.json",
			"custom/1W11_FLOWERS.json",
			"custom/1W11_Forest_Indoor_LIGHT.json",
			"custom/ANOTHERpart2.json",
			"custom/GarbidgePart2.json",
			"custom/Land_House_1W03_GARBAGE.json",
			"custom/Land_House_1W03_INTERIOR_and_GRASS.json",
			"custom/Land_House_1W03_PALLETS.json",
			"custom/palletsPART2.json",
            "custom/WhatWasPromisedTriKrestaJSN.json",
            "custom/SAB4.json",
            "custom/Land_House_2B02_Deluxe.json",
            "custom/2b02_part2.json",
            "custom/ADA_OVEN_WELL_2wo3_brown.json",
            "custom/ClothesShacky.json"],
		"environmentMinTemps": [18, 18, 18, 18, 18, 18, 18, 18, 18, 18, 18, 18],
		"environmentMaxTemps": [18, 18, 18, 18, 18, 18, 18, 18, 18, 18, 18, 18]
	},
	"BaseBuildingData":
	{
		"HologramData":
		{
			"disableIsCollidingBBoxCheck": 1,
			"disableIsCollidingPlayerCheck": 1,
			"disableIsClippingRoofCheck": 1,
			"disableIsBaseViableCheck": 1,
			"disableIsCollidingGPlotCheck": 0,
			"disableIsCollidingAngleCheck": 1,
			"disableIsPlacementPermittedCheck": 1,
			"disableHeightPlacementCheck": 1,
			"disableIsUnderwaterCheck": 1,
			"disableIsInTerrainCheck": 1
		},
		"ConstructionData":
		{
			"disablePerformRoofCheck": 1,
			"disableIsCollidingCheck": 1,
			"disableDistanceCheck": 1
		}
	},
	"UIData":
	{
		"use3DMap": 0,
		"HitIndicationData":
		{
			"hitDirectionOverrideEnabled": 1,
			"hitDirectionBehaviour": 1,
			"hitDirectionStyle": 0,
			"hitDirectionIndicatorColorStr": "0xff00ffbf",
			"hitDirectionMaxDuration": 4.0,
			"hitDirectionBreakPointRelative": 0.8,
			"hitDirectionScatter": 10.0,
			"hitIndicationPostProcessEnabled": 0
		}
	},
	"MapData":
	{
		"ignoreMapOwnership": 1,
		"ignoreNavItemsOwnership": 1,
		"displayPlayerPosition": 1,
		"displayNavInfo": 1
	}
}