<?xml version="1.0" encoding="UTF-8" standalone="yes"?>
<playerspawnpoints>

    <fresh>
        <spawn_params>
            <min_dist_infected>30.0</min_dist_infected>
            <max_dist_infected>70.0</max_dist_infected>
            <min_dist_player>0.5</min_dist_player>
            <max_dist_player>70.0</max_dist_player>
            <min_dist_static>0.5</min_dist_static>
            <max_dist_static>2.0</max_dist_static>
        </spawn_params>

        <generator_params>
            <grid_density>8</grid_density>
            <grid_width>40.0</grid_width>
            <grid_height>40.0</grid_height>
            <min_dist_static>0.5</min_dist_static>
            <max_dist_static>2.0</max_dist_static>
            <min_steepness>-45</min_steepness>
            <max_steepness>45</max_steepness>
        </generator_params>

        <generator_posbubbles>
	<pos x="4364.69" z="10597.53" />
	<pos x="2782.12" z="5097.45" />
	<pos x="4411.35" z="6415.41" />
	<pos x="2542.99" z="5429.51" />
	<pos x="4795.32" z="5683.62" />
	<pos x="3335.73" z="5040.68" />
	<pos x="3335.73" z="5040.68" />
	<pos x="3197.69" z="6104.68" />
	<pos x="4756.68" z="10365.59" />
        </generator_posbubbles>
    </fresh>

    <hop>
        <generator_posbubbles>
			<pos x="10193.126953" z="3503.011963" />
        </generator_posbubbles>
    </hop>

    <travel>
        <generator_posbubbles>
			<pos x="11425.713867" z="8375.735352" />
			<pos x="10193.126953" z="3503.011963" />
        </generator_posbubbles>
    </travel>
</playerspawnpoints>