<?xml version="1.0" encoding="UTF-8" standalone="yes" ?>
<randompresets>
		<cargo chance="1.00" name="foodHermit">
				<item name="TunaCan" chance="1.00" />
				<item name="SardinesCan" chance="1.00" />
				<item name="Apple" chance="1.00" />
		</cargo>
		<cargo chance="1.00" name="foodVillage">
				<item name="SodaCan_Cola" chance="1.00" />
				<item name="SodaCan_Pipsi" chance="1.00" />
				<item name="SodaCan_Spite" chance="1.00" />
				<item name="SodaCan_Kvass" chance="1.00" />
				<item name="SodaCan_Fronta" chance="1.00" />
				<item name="WaterBottle" chance="1.00" />
				<item name="TunaCan" chance="1.00" />
				<item name="SardinesCan" chance="1.00" />
				<item name="PeachesCan" chance="1.00" />
				<item name="SpaghettiCan" chance="1.00" />
				<item name="BakedBeansCan" chance="1.00" />
				<item name="PowderedMilk" chance="1.00" />
				<item name="Pajka" chance="1.00" />
				<item name="Pate" chance="1.00" />
				<item name="BrisketSpread" chance="1.00" />
				<item name="SaltySticks" chance="1.00" />
				<item name="Crackers" chance="1.00" />
				<item name="Chips" chance="1.00" />
		</cargo>
		<cargo chance="1.00" name="foodCity"> <!--same as the one above - just preparing -->
				<item name="SodaCan_Cola" chance="1.00" />
				<item name="SodaCan_Pipsi" chance="1.00" />
				<item name="SodaCan_Spite" chance="1.00" />
				<item name="SodaCan_Kvass" chance="1.00" />
				<item name="SodaCan_Fronta" chance="1.00" />
				<item name="WaterBottle" chance="1.00" />
				<item name="TunaCan" chance="1.00" />
				<item name="SardinesCan" chance="1.00" />
				<item name="PeachesCan" chance="1.00" />
				<item name="SpaghettiCan" chance="1.00" />
				<item name="BakedBeansCan" chance="1.00" />
				<item name="PowderedMilk" chance="1.00" />
				<item name="Pajka" chance="1.00" />
				<item name="Pate" chance="1.00" />
				<item name="BrisketSpread" chance="1.00" />
				<item name="SaltySticks" chance="1.00" />
				<item name="Crackers" chance="1.00" />
				<item name="Chips" chance="1.00" />
		</cargo>
		<cargo chance="1.00" name="foodArmy">
				<item name="SodaCan_Cola" chance="1.00" />
				<item name="SodaCan_Pipsi" chance="1.00" />
				<item name="SodaCan_Spite" chance="1.00" />
				<item name="TunaCan" chance="1.00" />
				<item name="SardinesCan" chance="1.00" />
				<item name="PeachesCan" chance="1.00" />
				<item name="SpaghettiCan" chance="1.00" />
				<item name="BakedBeansCan" chance="1.00" />
				<item name="TacticalBaconCan" chance="1.00" />
				<item name="Canteen" chance="1.00" />
		</cargo>
		<cargo chance="1.00" name="toolsHermit">
				<item name="WeaponCleaningKit" chance="1.00" />
				<item name="Matchbox" chance="1.00" />
				<item name="CanOpener" chance="1.00" />
				<item name="Rope" chance="1.00" />
				<item name="Rag" chance="1.00" />
				<item name="Hatchet" chance="1.00" />
				<item name="StoneKnife" chance="1.00" />
				<item name="HuntingKnife" chance="1.00" />
				<item name="PurificationTablets" chance="1.00" />
				<item name="CharcoalTablets" chance="1.00" />
		</cargo>
		<cargo chance="1.00" name="toolsVillage">
				<item name="DuctTape" chance="0.20" />
				<item name="Battery9V" chance="1.00" />
				<item name="Matchbox" chance="1.00" />
				<item name="SewingKit" chance="1.00" />
				<item name="CanOpener" chance="1.00" />
				<item name="Rope" chance="1.00" />
				<item name="Rag" chance="1.00" />
				<item name="Flashlight" chance="1.00" />
		</cargo>
		<cargo chance="1.00" name="toolsCity"> <!--same as the one above - just preparing -->
				<item name="DuctTape" chance="1.00" />
				<item name="Battery9V" chance="1.00" />
				<item name="Matchbox" chance="1.00" />
				<item name="SewingKit" chance="1.00" />
				<item name="CanOpener" chance="1.00" />
				<item name="Rope" chance="1.00" />
				<item name="Rag" chance="1.00" />
				<item name="Flashlight" chance="1.00" />
		</cargo>
		<cargo chance="1.00" name="toolsMedic">
				<item name="SalineBag" chance="1.00" />
				<item name="BandageDressing" chance="1.00" />
				<item name="BloodBagEmpty" chance="1.00" />
				<item name="BloodTestKit" chance="1.00" />
				<item name="StartKitIV" chance="1.00" />
				<item name="PurificationTablets" chance="1.00" />
				<item name="CharcoalTablets" chance="1.00" />
				<item name="PainkillerTablets" chance="1.00" />
				<item name="VitaminBottle" chance="1.00" />
				<item name="TetracyclineAntibiotics" chance="1.00" />
				<item name="Thermometer" chance="1.00" />
		</cargo>
		<cargo chance="1.00" name="toolsPolice">
				<item name="Battery9V" chance="1.00" />
				<item name="PersonalRadio" chance="1.00" />
				<item name="Flashlight" chance="1.00" />
				<item name="Roadflare" chance="1.00" />
				<item name="CombatKnife" chance="1.00" />
				<item name="Morphine" chance="1.00" />
				<item name="BandageDressing" chance="1.00" />
		</cargo>
		<cargo chance="1.00" name="toolsHunter">
				<item name="WeaponCleaningKit" chance="1.00" />
				<item name="Paper" chance="1.00" />
				<item name="Flashlight" chance="1.00" />
				<item name="Battery9V" chance="1.00" />
				<item name="Matchbox" chance="1.00" />
				<item name="Roadflare" chance="1.00" />
				<item name="HuntingKnife" chance="1.00" />
				<item name="CanOpener" chance="1.00" />
				<item name="BandageDressing" chance="1.00" />
				<item name="PurificationTablets" chance="1.00" />
				<item name="CharcoalTablets" chance="1.00" />
				<item name="PainkillerTablets" chance="1.00" />
				<item name="VitaminBottle" chance="1.00" />
		</cargo>
		<cargo chance="1.00" name="toolsIndustrial">
				<item name="Pipe" chance="1.00" />
				<item name="Hatchet" chance="1.00" />
				<item name="Crowbar" chance="1.00" />
				<item name="Rope" chance="1.00" />
				<item name="DuctTape" chance="1.00" />
				<item name="Battery9V" chance="1.00" />
				<item name="Flashlight" chance="1.00" />
		</cargo>
		<cargo chance="1.00" name="ammoCivil">
				<item name="Ammo_380" chance="1.00" />
				<item name="AmmoBox_380_35Rnd" chance="1.00" />
				<item name="Ammo_9x19" chance="1.00" />
				<item name="AmmoBox_9x19_25Rnd" chance="1.00" />
				<item name="Ammo_762x39" chance="1.00" />
				<item name="AmmoBox_762x39_20Rnd" chance="1.00" />
				<item name="Ammo_762x54" chance="1.00" />
				<item name="AmmoBox_762x54_20Rnd" chance="1.00" />
		</cargo>
		<cargo chance="0.3" name="ammoPolice">
				<item name="Ammo_9x19" chance="1.00" />
				<item name="AmmoBox_9x19_25Rnd" chance="1.00" />
				<item name="Ammo_556x45" chance="1.00" />
				<item name="AmmoBox_556x45_20Rnd" chance="1.00" />
				<item name="Ammo_545x39" chance="1.00" />
				<item name="AmmoBox_545x39_20Rnd" chance="1.00" />
		</cargo>
		<cargo chance="1.00" name="ammoArmy">
				<item name="Ammo_45ACP" chance="1.00" />
				<item name="AmmoBox_45ACP_25Rnd" chance="1.00" />
				<item name="Ammo_762x39" chance="1.00" />
				<item name="AmmoBox_762x39_20Rnd" chance="1.00" />
				<item name="Ammo_762x54" chance="1.00" />
				<item name="AmmoBox_762x54_20Rnd" chance="1.00" />
		</cargo>
		<cargo chance="1.00" name="mixVillage">
				<item name="DuctTape" chance="1.00" />
				<item name="Battery9V" chance="1.00" />
				<item name="Paper" chance="1.00" />
				<item name="Flashlight" chance="1.00" />
				<item name="Matchbox" chance="1.00" />
				<item name="Roadflare" chance="1.00" />
				<item name="KitchenKnife" chance="1.00" />
				<item name="CanOpener" chance="1.00" />
				<item name="BandageDressing" chance="1.00" />
				<item name="Ammo_380" chance="1.00" />
				<item name="AmmoBox_380_35Rnd" chance="1.00" />
				<item name="Ammo_9x19" chance="1.00" />
				<item name="AmmoBox_9x19_25Rnd" chance="1.00" />
				<item name="Ammo_762x39" chance="1.00" />
				<item name="AmmoBox_762x39_20Rnd" chance="1.00" />
				<item name="Ammo_762x54" chance="1.00" />
				<item name="AmmoBox_762x54_20Rnd" chance="1.00" />
				<item name="SodaCan_Cola" chance="1.00" />
				<item name="SodaCan_Pipsi" chance="1.00" />
				<item name="SodaCan_Spite" chance="1.00" />
				<item name="TunaCan" chance="1.00" />
				<item name="SardinesCan" chance="1.00" />
				<item name="PeachesCan" chance="1.00" />
				<item name="SpaghettiCan" chance="1.00" />
				<item name="BakedBeansCan" chance="1.00" />
		</cargo>
		<cargo chance="1.00" name="mixHunter">
				<item name="Paper" chance="1.00" />
				<item name="Flashlight" chance="1.00" />
				<item name="Matchbox" chance="1.00" />
				<item name="Roadflare" chance="1.00" />
				<item name="HuntingKnife" chance="1.00" />
				<item name="CanOpener" chance="1.00" />
				<item name="BandageDressing" chance="1.00" />
				<item name="Ammo_380" chance="1.00" />
				<item name="AmmoBox_380_35Rnd" chance="1.00" />
				<item name="Ammo_9x19" chance="1.00" />
				<item name="AmmoBox_9x19_25Rnd" chance="1.00" />
				<item name="Ammo_762x39" chance="1.00" />
				<item name="AmmoBox_762x39_20Rnd" chance="1.00" />
				<item name="Ammo_762x54" chance="1.00" />
				<item name="AmmoBox_762x54_20Rnd" chance="1.00" />
				<item name="SodaCan_Cola" chance="1.00" />
				<item name="SodaCan_Pipsi" chance="1.00" />
				<item name="SodaCan_Spite" chance="1.00" />
				<item name="TunaCan" chance="1.00" />
				<item name="SardinesCan" chance="1.00" />
				<item name="PeachesCan" chance="1.00" />
				<item name="SpaghettiCan" chance="1.00" />
				<item name="BakedBeansCan" chance="1.00" />
		</cargo>
		<cargo chance="1.00" name="mixArmy">
				<item name="SodaCan_Cola" chance="1.00" />
				<item name="SodaCan_Pipsi" chance="1.00" />
				<item name="SodaCan_Spite" chance="1.00" />
				<item name="TunaCan" chance="1.00" />
				<item name="SardinesCan" chance="1.00" />
				<item name="PeachesCan" chance="1.00" />
				<item name="SpaghettiCan" chance="1.00" />
				<item name="BakedBeansCan" chance="1.00" />
				<item name="TacticalBaconCan" chance="1.00" />
				<item name="Canteen" chance="1.00" />
				<item name="Ammo_45ACP" chance="1.00" />
				<item name="AmmoBox_45ACP_25Rnd" chance="1.00" />
				<item name="Ammo_762x39" chance="1.00" />
				<item name="AmmoBox_762x39_20Rnd" chance="1.00" />
				<item name="Ammo_762x54" chance="1.00" />
				<item name="AmmoBox_762x54_20Rnd" chance="1.00" />
		</cargo>
		<cargo chance="0.04" name="grenades">
				<item name="RDG2SmokeGrenade_White" chance="1.00" />
				<item name="FlashGrenade" chance="1.00" />
				<item name="RDG2SmokeGrenade_Black" chance="1.00" />
				<item name="RGD5Grenade" chance="1.00" />
		</cargo>
		<attachments chance="1.00" name="optics">
				<item name="M4_T3NRDSOptic" chance="1.00" />
				<item name="ACOGOptic" chance="1.00" />
				<item name="M68Optic" chance="1.00" />
				<item name="BUISOptic" chance="1.00" />
				<item name="ReflexOptic" chance="1.00" />
		</attachments>
		<!--NBC Cargo-->
		<cargo chance="1.00" name="ContaminatedCargo">
				<item name="GasMask_Filter" chance="1.00" />
		</cargo>
		<!--FARM ATTACHMENTS-->
		<attachments chance="1.00" name="hatsFarm">
				<item name="Ushanka_Black" chance="1.00" />
				<item name="Ushanka_Blue" chance="1.00" />
				<item name="Ushanka_Green" chance="1.00" />
				<item name="ZmijovkaCap_Black" chance="1.00" />
				<item name="ZmijovkaCap_Blue" chance="1.00" />
				<item name="ZmijovkaCap_Brown" chance="1.00" />
				<item name="ZmijovkaCap_Green" chance="1.00" />
				<item name="ZmijovkaCap_Red" chance="1.00" />
		</attachments>
		<attachments chance="1.00" name="bagsHunter">
			<item name="CourierBag" chance="1.00" />
			<item name="HuntingBag" chance="1.00" />
		</attachments>
		<attachments chance="1.00" name="vestsHunter">
			<item name="HuntingVest" chance="1.00" />
			<item name="ChestHolster" chance="1.00" />
		</attachments>
		<!--VILLAGE ATTACHMENTS-->
		<attachments chance="1.00" name="hatsVillage">
				<item name="FlatCap_Black" chance="1.00" />
				<item name="FlatCap_Blue" chance="1.00" />
				<item name="FlatCap_Red" chance="1.00" />
				<item name="FlatCap_Brown" chance="1.00" />
				<item name="FlatCap_Grey" chance="1.00" />
				<item name="FlatCap_BrownCheck" chance="1.00" />
				<item name="FlatCap_GreyCheck" chance="1.00" />
				<item name="FlatCap_BlackCheck" chance="1.00" />
				<item name="RadarCap_Black" chance="1.00" />
				<item name="RadarCap_Blue" chance="1.00" />
				<item name="RadarCap_Brown" chance="1.00" />
				<item name="RadarCap_Green" chance="1.00" />
				<item name="RadarCap_Red" chance="1.00" />
		</attachments>
		<attachments chance="1.00" name="handsVillage">
				<item name="WoodAxe" chance="1.00" />
				<item name="Pickaxe" chance="0.8" />
				<item name="Shovel" chance="0.8" />
		</attachments>
		<attachments chance="1.00" name="bagsVillage">
				<item name="MountainBag_Red" chance="1.00" />
				<item name="MountainBag_Blue" chance="1.00" />
				<item name="MountainBag_Orange" chance="1.00" />
				<item name="MountainBag_Green" chance="1.00" />
		</attachments>
		<attachments chance="0.00" name="glassesVillage"> <!--was chance="0.30"; removed coz of attachment slot is missing -->
			<item name="ThickFramesGlasses" chance="1.00" />
			<item name="ThinFramesGlasses" chance="1.00" />
			<item name="DesignerGlasses" chance="1.00" />
		</attachments>

	<!--CITY ATTACHMENTS-->
		<attachments chance="1.00" name="hatsCity">
				<item name="FlatCap_BrownCheck" chance="1.00" />
				<item name="FlatCap_GreyCheck" chance="1.00" />
				<item name="FlatCap_BlackCheck" chance="1.00" />
				<item name="BaseballCap_CMMG_Black" chance="1.00" />
				<item name="BaseballCap_CMMG_Pink" chance="1.00" />
				<item name="BaseballCap_Blue" chance="1.00" />
				<item name="BaseballCap_Beige" chance="1.00" />
				<item name="BaseballCap_Black" chance="1.00" />
				<item name="BaseballCap_Camo" chance="1.00" />
				<item name="BaseballCap_Olive" chance="1.00" />
				<item name="BaseballCap_Pink" chance="1.00" />
				<item name="BaseballCap_Red" chance="1.00" />
		</attachments>
		<attachments chance="1.00" name="handsCity">
				<item name="NailedBaseballBat" chance="1.0" />
				<item name="BaseballBat" chance="1.0" />
				<item name="Machete" chance="1.0" />
		</attachments>
		<attachments chance="0.00" name="glassesCity"> <!--was chance="1.00"; removed coz of attachment slot is missing -->
			<item name="ThickFramesGlasses" chance="1.00" />
			<item name="ThinFramesGlasses" chance="1.00" />
			<item name="DesignerGlasses" chance="1.00" />
			<item name="SportGlasses_Black" chance="1.00" />
			<item name="SportGlasses_Blue" chance="1.00" />
			<item name="SportGlasses_Green" chance="1.00" />
			<item name="SportGlasses_Orange" chance="1.00" />
		</attachments>
		<attachments chance="1.00" name="bagsCity">
			<item name="TaloonBag_Orange" chance="1.00" />
			<item name="TaloonBag_Blue" chance="1.00" />
			<item name="TaloonBag_Violet" chance="1.00" />
			<item name="TaloonBag_Green" chance="1.00" />
		</attachments>
		<attachments chance="0.30" name="hatsCitySkate">
				<item name="SkateHelmet_Blue" chance="1.00" />
				<item name="SkateHelmet_Gray" chance="1.00" />
				<item name="SkateHelmet_Green" chance="1.00" />
				<item name="SkateHelmet_Red" chance="1.00" />
				<item name="SkateHelmet_Black" chance="1.00" />
		</attachments>
		<!--INDUSTRIAL ATTACHMENTS-->
		<attachments chance="0.30" name="hatsIndustrial">
				<item name="ConstructionHelmet_Blue" chance="1.00" />
				<item name="ConstructionHelmet_Lime" chance="1.00" />
				<item name="ConstructionHelmet_Orange" chance="1.00" />
				<item name="ConstructionHelmet_Red" chance="1.00" />
				<item name="ConstructionHelmet_White" chance="1.00" />
				<item name="ConstructionHelmet_Yellow" chance="1.00" />
				<item name="WeldingMask" chance="1.00" />
		</attachments>
		<attachments chance="1.00" name="handsIndustrial">
				<item name="Pipe" chance="1.00" />
				<item name="Crowbar" chance="1.00" />
				<item name="Sledgehammer" chance="1.00" />
		</attachments>
		<attachments chance="1.00" name="vestsIndustrial">
			<item name="ReflexVest" chance="1.00" />
		</attachments>
		<attachments chance="1.00" name="bagsIndustrial">
			<item name="DryBag_Orange" chance="1.00" />
			<item name="DryBag_Yellow" chance="1.00" />
			<item name="DryBag_Blue" chance="1.00" />
			<item name="DryBag_Green" chance="1.00" />
			<item name="DryBag_Black" chance="1.00" />
			<item name="DryBag_Red" chance="1.00" />
		</attachments>
		
		<!--FIREFIGHTER ATTACHMENTS-->
		<attachments chance="1.00" name="hatsFirefighter">
				<item name="FirefightersHelmet_White" chance="0.33" />
				<item name="FirefightersHelmet_Red" chance="0.66" />
				<item name="FirefightersHelmet_Yellow" chance="1.00" />
		</attachments>

		<!--MEDIC ATTACHMENTS-->
		<attachments chance="1.00" name="hatsMedic">
				<item name="MedicalScrubsHat_Blue" chance="1.00" />
				<item name="MedicalScrubsHat_Green" chance="1.00" />
				<item name="MedicalScrubsHat_White" chance="1.00" />
		</attachments>

		<!--ARMY ATTACHMENTS-->
		<attachments chance="0.60" name="hatsArmy">
			<item name="TankerHelmet" chance="1.00" />
			<item name="PilotkaCap" chance="1.00" />
			<!-- <item name="GorkaHelmet" chance="1.00" /> Problem with animation of chin cover -->
			<item name="MilitaryBeret_Red" chance="1.00" />
			<item name="MilitaryBeret_UN" chance="1.00" />
			<item name="MilitaryBeret_NZ" chance="1.00" />
			<item name="MilitaryBeret_ChDKZ" chance="1.00" />
			<item name="MilitaryBeret_CDF" chance="1.00" />
			<item name="ZSh3PilotHelmet" chance="1.00" />
			<item name="NVGHeadstrap" chance="1.00" />
		</attachments>
		<attachments chance="0.00" name="glassesArmy"> <!--was chance="1.00"; removed coz of attachment slot is missing -->
			<item name="TacticalGoggles" chance="1.00" />
			<item name="AviatorGlasses" chance="1.00" />
		</attachments>
		<attachments chance="1.00" name="vestsArmy">
			<item name="UKAssVest_Black" chance="1.00" />
			<item name="UKAssVest_Camo" chance="1.00" />
			<item name="UKAssVest_Khaki" chance="1.00" />
			<item name="UKAssVest_Olive" chance="1.00" />
			<item name="SmershVest" chance="1.00" />
		</attachments>
		<attachments chance="1.00" name="bagsArmy">
			<item name="AssaultBag_Green" chance="1.00" />
			<item name="AssaultBag_Ttsko" chance="1.00" />
			<item name="AssaultBag_Black" chance="1.00" />
			<item name="TortillaBag" chance="1.00" />
			<item name="SmershBag" chance="1.00" />
			<item name="CoyoteBag_Brown" chance="1.00" />
			<item name="CoyoteBag_Green" chance="1.00" />
			<item name="AliceBag_Camo" chance="1.00" />
			<item name="AliceBag_Green" chance="1.00" />
			<item name="AliceBag_Black" chance="1.00" />
		</attachments>
		<attachments chance="1.00" name="HeavyArmorArmy">
			<item name="PlateCarrierVest" chance="1.00" />
		</attachments>
		<attachments chance="1.00" name="HeavyHelmetArmy">
			<item name="Ssh68Helmet" chance="1.00" />
		</attachments>
		<attachments chance="1.00" name="OfficerHatArmy">
			<item name="OfficerHat" chance="1.00" />
		</attachments>

		<!--POLICE ATTACHMENTS-->
		<attachments chance="1.00" name="hatsPolice">
				<item name="PoliceCap" chance="1.00" />
		</attachments>
		<attachments chance="1.00" name="vestsPolice">
				<item name="PoliceVest" chance="1.00" />
		</attachments>
		
		<!--PRISONER ATTACHMENTS-->
		<attachments chance="1.00" name="hatsPrisoner">
				<item name="PrisonerCap" chance="1.00" />
		</attachments>

		<!--UNIVERSAL ATTACHMENTS-->
		<attachments chance="1.00" name="hatsMotorbike">
				<item name="MotoHelmet_Black" chance="1.00" />
				<item name="MotoHelmet_Blue" chance="1.00" />
				<item name="MotoHelmet_Green" chance="1.00" />
				<item name="MotoHelmet_Grey" chance="1.00" />
				<item name="MotoHelmet_Lime" chance="1.00" />
				<item name="MotoHelmet_Red" chance="1.00" />
				<item name="MotoHelmet_White" chance="1.00" />
				<item name="DarkMotoHelmet_Black" chance="1.00" />
				<item name="DarkMotoHelmet_Blue" chance="1.00" />
				<item name="DarkMotoHelmet_Green" chance="1.00" />
				<item name="DarkMotoHelmet_Grey" chance="1.00" />
				<item name="DarkMotoHelmet_Lime" chance="1.00" />
				<item name="DarkMotoHelmet_Red" chance="1.00" />
				<item name="DarkMotoHelmet_White" chance="1.00" />
		</attachments>
		<attachments chance="1.00" name="vestsPress">
				<item name="PressVest_Blue" chance="1.00" />
				<item name="PressVest_LightBlue" chance="1.00" />
		</attachments>
		
		<!--T1 GEAR-->
		<cargo chance="1.00" name="drinks_T1">
				<item name="SodaCan_Cola" chance="1.00" />
				<item name="SodaCan_Pipsi" chance="1.00" />
				<item name="SodaCan_Spite" chance="1.00" />
				<item name="SodaCan_Kvass" chance="1.00" />
				<item name="SodaCan_Fronta" chance="1.00" />
				<item name="WaterBottle" chance="1.00" />
		</cargo>
		<cargo chance="1.00" name="food_T1">		
				<item name="HumanSteakMeat" chance="1.00" />
				<item name="Guts" chance="1.00" />
				<item name="PotatoSeed" chance="1.00" />
				<item name="Zucchini" chance="1.00" />
				<item name="Tomato" chance="1.00" />
				<item name="GreenBellPepper" chance="1.00" />
				<item name="PowderedMilk" chance="1.00" />
				<item name="Pajka" chance="1.00" />
				<item name="Pate" chance="1.00" />
				<item name="BrisketSpread" chance="1.00" />
				<item name="SaltySticks" chance="1.00" />
				<item name="Crackers" chance="1.00" />
				<item name="Chips" chance="1.00" />
		</cargo>
		<cargo chance="1.00" name="toolsCommon_T1">
				<item name="Matchbox" chance="1.00" />
				<item name="SteakKnife" chance="1.00" />
				<item name="Rag" chance="1.00" />
		</cargo>
		<cargo chance="1.00" name="toolsIndustrial_T1">
				<item name="Rag" chance="1.00" />
				<item name="Crowbar" chance="1.00" />
				<item name="Hammer" chance="1.00" />
				<item name="Screwdriver" chance="1.00" />
				<item name="Hatchet" chance="1.00" />
				<item name="Paper" chance="1.00" />
				<item name="Pipe" chance="1.00" />
		</cargo>
		
		<!--T1 Attachments-->
		<attachments chance="1.00" name="helmetsCommon_T1">
				<item name="SkateHelmet_Black" chance="1.00" />
				<item name="SkateHelmet_Blue" chance="1.00" />
				<item name="SkateHelmet_Gray" chance="1.00" />
				<item name="SkateHelmet_Green" chance="1.00" />
				<item name="SkateHelmet_Red" chance="1.00" />
		</attachments>
		<attachments chance="1.00" name="hatsCommon_T1">
				<item name="BoonieHat_Blue" chance="1.00" />
				<item name="BoonieHat_Orange" chance="1.00" />
				<item name="BoonieHat_Red" chance="1.00" />
				<item name="RadarCap_Black" chance="1.00" />
				<item name="RadarCap_Blue" chance="1.00" />
				<item name="RadarCap_Brown" chance="1.00" />
				<item name="RadarCap_Green" chance="1.00" />
				<item name="RadarCap_Red" chance="1.00" />
		</attachments>
		<attachments chance="1.007" name="backpacks_T1">
				<item name="CourierBag" chance="1.00" />
				<item name="TaloonBag_Blue" chance="1.00" />
				<item name="TaloonBag_Green" chance="1.00" />
				<item name="TaloonBag_Orange" chance="1.00" />
				<item name="TaloonBag_Violet" chance="1.00" />
				<item name="FurCourierBag" chance="1.00" />
		</attachments>
		
		<!--Xmas Clothing-->
		<attachments chance="1.00" name="SantaHat">
			<item name="SantasHat" chance="1.00" />
		</attachments>
		<cargo chance="1.00" name="SantaBeard">
			<item name="GiftBox_Small_1" chance="1.00" />
			<item name="GiftBox_Small_2" chance="1.00" />
			<item name="GiftBox_Small_3" chance="1.00" />
			<item name="GiftBox_Small_4" chance="1.00" />
			<item name="SantasBeard" chance="1.00" />
		</cargo>
		
		<!--Xmas GiftBoxes-->
		<cargo chance="1.0" name="Xmas_Clothes_Small">
			<item name="TacticalGoggles" chance="1.00" />
			<item name="WorkingGloves_Black" chance="1.00" />
			<item name="ZmijovkaCap_Red" chance="1.00" />
			<item name="NBCBootsYellow" chance="1.00" />
			<item name="NBCBootsGray" chance="1.00" />
			<item name="NBCHoodYellow" chance="1.00" />
			<item name="NBCHoodGray" chance="1.00" />
			<item name="NBCGlovesYellow" chance="1.00" />
			<item name="NBCGlovesGray" chance="1.00" />
		</cargo>
		<cargo chance="1.0" name="Xmas_Weapons_Small">
			<item name="Flaregun" chance="1.00" />
			<item name="M67Grenade" chance="1.00" />
			<item name="RGD5Grenade" chance="1.00" />
			<item name="LandMineTrap" chance="1.00" />
		</cargo>
		<cargo chance="1.0" name="Xmas_Ammo_Small">
			<item name="Ammo_Flare" chance="1.00" />
			<item name="Ammo_FlareRed" chance="1.00" />
			<item name="Ammo_FlareGreen" chance="1.00" />
			<item name="Ammo_FlareBlue" chance="1.00" />
		</cargo>
		<cargo chance="1.0" name="Xmas_AmmoBoxes_Small">
			<item name="AmmoBox_22_50Rnd" chance="1.00" />
			<item name="AmmoBox_00buck_10rnd" chance="1.00" />
			<item name="AmmoBox_12gaSlug_10Rnd" chance="1.00" />
			<item name="AmmoBox_380_35rnd" chance="1.00" />
			<item name="AmmoBox_9x19_25rnd" chance="1.00" />
			<item name="AmmoBox_45ACP_25rnd" chance="1.00" />
			<item name="AmmoBox_357_20Rnd" chance="1.00" />
			<item name="AmmoBox_556x45_20Rnd" chance="1.00" />
			<item name="AmmoBox_762x39_20Rnd" chance="1.00" />
			<item name="AmmoBox_762x54_20Rnd" chance="1.00" />
		</cargo>
		<cargo chance="1.0" name="Xmas_Mags_Small">
			<item name="Mag_Ruger1022_15Rnd" chance="1.00" />
			<item name="Mag_FNX45_15Rnd" chance="1.00" />
			<item name="Mag_Glock_15Rnd" chance="1.00" />
			<item name="Mag_MKII_10Rnd" chance="1.00" />
			<item name="Mag_1911_7Rnd" chance="1.00" />
			<item name="Mag_CZ75_15Rnd" chance="1.00" />
			<item name="Mag_IJ70_8Rnd" chance="1.00" />
			<item name="Mag_SVD_10Rnd" chance="1.00" />
			<item name="Mag_Deagle_9rnd" chance="1.00" />
		</cargo>
		<cargo chance="1.0" name="Xmas_Fillers_Small">
			<item name="GasMask_filter" chance="1.00" />
			<item name="Battery9V" chance="1.00" />
			<item name="Hook" chance="1.00" />
		</cargo>
		<cargo chance="1.0" name="Xmas_Repairs_Small">
			<item name="DuctTape" chance="1.00" />
			<item name="SewingKit" chance="1.00" />
			<item name="EpoxyPutty" chance="1.00" />
			<item name="Whetstone" chance="1.00" />
		</cargo>
		<cargo chance="1.0" name="Xmas_Food_Small">
			<item name="Zagorky" chance="1.00" />
			<item name="ZagorkyChocolate" chance="1.00" />
			<item name="ZagorkyPeanuts" chance="1.00" />
			<item name="SodaCan_Cola" chance="1.00" />
			<item name="SodaCan_Kvass" chance="1.00" />
			<item name="SodaCan_Pipsi" chance="1.00" />
			<item name="SodaCan_Spite" chance="1.00" />
			<item name="SodaCan_Fronta" chance="1.00" />
			<item name="Honey" chance="1.00" />
			<item name="Marmalade" chance="1.00" />
			<item name="SardinesCan" chance="1.00" />
			<item name="TunaCan" chance="1.00" />
			<item name="DogFoodCan" chance="1.00" />
			<item name="CatFoodCan" chance="1.00" />
			<item name="PorkCan" chance="1.00" />
			<item name="Lunchmeat" chance="1.00" />
			<item name="UnknownFoodCan" chance="1.00" />
			<item name="Pajka" chance="1.00" />
			<item name="Pate" chance="1.00" />
			<item name="BrisketSpread" chance="1.00" />
			<item name="Crackers" chance="1.00" />
			<item name="Chips" chance="1.00" />
			<item name="SaltySticks" chance="1.00" />
			<item name="BakedBeansCan" chance="1.00" />
			<item name="PeachesCan" chance="1.00" />
			<item name="SpaghettiCan" chance="1.00" />
			<item name="TacticalBaconCan" chance="1.00" />
		</cargo>
		<cargo chance="1.0" name="Xmas_Lights_Small">
			<item name="Headtorch_Grey" chance="1.00" />
			<item name="Headtorch_Black" chance="1.00" />
			<item name="TLRLight" chance="1.00" />
			<item name="UniversalLight" chance="1.00" />
			<item name="NVGHeadstrap" chance="1.00" />
			<item name="NVGoggles" chance="1.00" />
		</cargo>
		<cargo chance="1.0" name="Xmas_Chemlights_Small">
			<item name="Chemlight_Blue" chance="1.00" />
			<item name="Chemlight_Green" chance="1.00" />
			<item name="Chemlight_Red" chance="1.00" />
			<item name="Chemlight_Yellow" chance="1.00" />
			<item name="Chemlight_White" chance="1.00" />
		</cargo>
		<cargo chance="1.0" name="Xmas_Clothes_Medium">
			<item name="Sweater_Red" chance="1.00" />
			<item name="WoolCoat_Red" chance="1.00" />
			<item name="WoolCoat_RedCheck" chance="1.00" />
			<item name="HuntingVest" chance="1.00" />
			<item name="CombatBoots_Grey" chance="1.00" />
			<item name="HunterPants_Winter" chance="1.00" />
			<item name="HuntingJacket_Winter" chance="1.00" />
			<item name="NBCPantsGray" chance="1.00" />
			<item name="NBCPantsYellow" chance="1.00" />
			<item name="NBCJacketGray" chance="1.00" />
			<item name="NBCJacketYellow" chance="1.00" />
			<item name="GasMask" chance="1.00" />
			<item name="GP5GasMask" chance="1.00" />
			<item name="AirborneMask" chance="1.00" />
		</cargo>
		<cargo chance="1.0" name="Xmas_Weapons_Medium">
			<item name="CZ61" chance="1.00" />
			<item name="Colt1911" chance="1.00" />
			<item name="Magnum" chance="1.00" />
			<item name="Deagle" chance="1.00" />
			<item name="Sickle" chance="1.00" />
			<item name="CrudeMachete" chance="1.00" />
			<item name="OrientalMachete" chance="1.00" />
			<item name="KukriKnife" chance="1.00" />
			<item name="FangeKnife" chance="1.00" />
		</cargo>
		<cargo chance="0.5" name="Xmas_Optics_Medium">
			<item name="PUScopeOptic" chance="1.00" />
			<item name="PSO1Optic" chance="1.00" />
			<item name="ACOGOptic" chance="1.00" />
			<item name="HuntingOptic" chance="1.00" />
			<item name="ACOGOptic_6x" chance="1.00" />
			<item name="StarlightOptic" chance="1.00" />
			<item name="KazuarOptic" chance="1.00" />
		</cargo>
		<cargo chance="1.0" name="Xmas_Mags_Medium">
			<item name="Mag_Ruger1022_30Rnd" chance="1.00" />
			<item name="Mag_MP5_30Rnd" chance="1.00" />
			<item name="Mag_UMP_25Rnd" chance="1.00" />
		</cargo>
		<cargo chance="1.0" name="Xmas_Fillers_Medium">
			<item name="FishNetTrap" chance="1.00" />
			<item name="CombinationLock" chance="1.00" />
			<item name="CombinationLock4" chance="1.00" />
			<item name="Netting" chance="1.00" />
		</cargo>
		<cargo chance="1.0" name="Xmas_Repairs_Medium">
			<item name="LeatherSewingKit" chance="1.00" />
			<item name="TireRepairKit" chance="1.00" />
			<item name="WeaponCleaningKit" chance="1.00" />
			<item name="ElectronicRepairKit" chance="1.00" />
		</cargo>	
		<cargo chance="1.0" name="Xmas_Food_Medium">
			<item name="CarpFilletMeat" chance="1.00" />
		</cargo>
		<cargo chance="1.00" name="Xmas_Weapons_Large">
			<item name="MP5K" chance="1.00" />
			<item name="UMP45" chance="1.00" />
			<item name="FishingRod" chance="1.00" />
		</cargo>
		<cargo chance="1.00" name="Xmas_Mags_Large">
			<item name="Mag_Saiga_Drum20Rnd" chance="1.00" />
			<item name="Mag_STANAG_60Rnd" chance="1.00" />
			<item name="Mag_AKM_Drum75Rnd" chance="1.00" />
		</cargo>
</randompresets>