{
    "Triggers":
	[
		{ 	
			"Position": [ 1264.38, 456.642, 14511.7],
			"Orientation": [ 0, 0, 0 ],
			"Size": [ 6, 2.6, 6.8 ],
			"EyeAccommodation": 0.2,
			"Breadcrumbs": [],
			"InterpolationSpeed": 1
		},
		{
			"Position": [ 1263.68, 455.632, 14517.1 ],
			"Orientation": [ 0, 0, 0 ],
			"Size": [ 15, 5.8, 15.8 ],
			"EyeAccommodation": 0,
			"Breadcrumbs": 
			[
				{			
					"Position": [ 1267.66, 456.618, 14510.1 ],
					"EyeAccommodation": 0.1,
					"UseRaycast": 0,
					"Radius": 15
				},
				{			
					"Position": [ 1263.8, 456.408, 14517.1 ],
					"EyeAccommodation": 0,
					"UseRaycast": 0,
					"Radius": 15
				}
			]
		},
		{
			"Position": [ 1246.94, 455.336, 14521.4 ],
			"Orientation": [ 0, 0, 0 ],
			"Size": [ 20.6, 5.8, 20.6 ],
			"EyeAccommodation": 0,
			"Breadcrumbs": []
		},	
		{ 	
			"Position": [ 1233.63, 455.389, 14514.1 ],
			"Orientation": [ 0, 0, 0 ],
			"Size": [ 30, 6, 30 ],
			"EyeAccommodation": 0,
			"Breadcrumbs": []
		},
		{ 	
			"Position": [ 1216.04, 455.474, 14522.7 ],
			"Orientation": [ 0, 0, 0 ],
			"Size": [ 30, 6, 30 ],
			"EyeAccommodation": 0,
			"Breadcrumbs": []
		},
		{ 	
			"Position": [ 1206.94, 455.981, 14527.6 ],
			"Orientation": [ 0, 0, 0 ],
			"Size": [ 30, 6, 30 ],
			"EyeAccommodation": 0,
			"Breadcrumbs": []
		},
		{ 	
			"Position": [ 1199.88, 455.981, 14516.9 ],
			"Orientation": [ 0, 0, 0 ],
			"Size": [ 30, 6, 30 ],
			"EyeAccommodation": 0,
			"Breadcrumbs": []
		},
		{ 	
			"Position": [ 1213.9, 455.981, 14539.6 ],
			"Orientation": [ 0, 0, 0 ],
			"Size": [ 30, 6, 30 ],
			"EyeAccommodation": 0,
			"Breadcrumbs": []
		},
		{ 	
			"Position": [ 1187.12, 455.779, 14538.2 ],
			"Orientation": [ 0, 0, 0 ],
			"Size": [ 30, 6, 30 ],
			"EyeAccommodation": 0,
			"Breadcrumbs": []
		},
		{ 	
			"Position": [ 1189.18, 455.874, 14563.5 ],
			"Orientation": [ 0, 0, 0 ],
			"Size": [ 30, 6, 30 ],
			"EyeAccommodation": 0,
			"Breadcrumbs": []
		},
		{ 	
			"Position": [ 1193.26, 456, 14573.1 ],
			"Orientation": [ 0, 0, 0 ],
			"Size": [ 30, 6, 30 ],
			"EyeAccommodation": 0,
			"Breadcrumbs": []
		},
		{ 	
			"Position": [ 1181.97, 456.132, 14580.1 ],
			"Orientation": [ 0, 0, 0 ],
			"Size": [ 30, 6, 30 ],
			"EyeAccommodation": 0,
			"Breadcrumbs": []
		},
		{ 	
			"Position": [ 1203.39, 456.414, 14593.1 ],
			"Orientation": [ 0, 0, 0 ],
			"Size": [ 30, 6, 30 ],
			"EyeAccommodation": 0,
			"Breadcrumbs": []
		},
		{ 	
			"Position": [ 1198.42, 456.236, 14604.4 ],
			"Orientation": [ 0, 0, 0 ],
			"Size": [ 30, 6, 30 ],
			"EyeAccommodation": 0,
			"Breadcrumbs": []
		},
		{ 	
			"Position": [ 1181.64, 456.319, 14599.7 ],
			"Orientation": [ 0, 0, 0 ],
			"Size": [ 30, 6, 30 ],
			"EyeAccommodation": 0,
			"Breadcrumbs": []
		},
		{ 	
			"Position": [ 1162.27, 456.054, 14609.5 ],
			"Orientation": [ 0, 0, 0 ],
			"Size": [ 30, 6, 30 ],
			"EyeAccommodation": 0,
			"Breadcrumbs": []
		},
		{ 	
			"Position": [ 1151.13, 456.414, 14596.7 ],
			"Orientation": [ 0, 0, 0 ],
			"Size": [ 30, 6, 30 ],
			"EyeAccommodation": 0,
			"Breadcrumbs": []
		},
		{ 	
			"Position": [ 1140.87, 455.824, 14620.6 ],
			"Orientation": [ 0, 0, 0 ],
			"Size": [ 30, 6, 30 ],
			"EyeAccommodation": 0,
			"Breadcrumbs": []
		},
		{ 	
			"Position": [ 1133.29, 456.086, 14608.8 ],
			"Orientation": [ 0, 0, 0 ],
			"Size": [ 30, 6, 30 ],
			"EyeAccommodation": 0,
			"Breadcrumbs": []
		},
		{ 	
			"Position": [ 1119.54, 455.666, 14630.6 ],
			"Orientation": [ 0, 0, 0 ],
			"Size": [ 30, 6, 30 ],
			"EyeAccommodation": 0,
			"Breadcrumbs": []
		},
		{ 	
			"Position": [ 1107.29, 455.94, 14627.6 ],
			"Orientation": [ 0, 0, 0 ],
			"Size": [ 30, 6, 30 ],
			"EyeAccommodation": 0,
			"Breadcrumbs": []
		},
		{ 	
			"Position": [ 1095.85, 455.918, 14606.9 ],
			"Orientation": [ 0, 0, 0 ],
			"Size": [ 30, 6, 30 ],
			"EyeAccommodation": 0,
			"Breadcrumbs": []
		},
		{ 	
			"Position": [ 1107.13, 455.633, 14598.4 ],
			"Orientation": [ 0, 0, 0 ],
			"Size": [ 30, 6, 30 ],
			"EyeAccommodation": 0,
			"Breadcrumbs": []
		},
		{ 	
			"Position": [ 1083.45, 455.838, 14613.4 ],
			"Orientation": [ 0, 0, 0 ],
			"Size": [ 30, 6, 30 ],
			"EyeAccommodation": 0,
			"Breadcrumbs": []
		},
		{ 	
			"Position": [ 1084.51, 456.057, 14586.4 ],
			"Orientation": [ 0, 0, 0 ],
			"Size": [ 30, 6, 30 ],
			"EyeAccommodation": 0,
			"Breadcrumbs": []
		},
		{ 	
			"Position": [ 1095.34, 455.859, 14578 ],
			"Orientation": [ 0, 0, 0 ],
			"Size": [ 30, 6, 30 ],
			"EyeAccommodation": 0,
			"Breadcrumbs": []
		},
		{ 	
			"Position": [ 1074.62, 455.76, 14569.1 ],
			"Orientation": [ 0, 0, 0 ],
			"Size": [ 30, 6, 30 ],
			"EyeAccommodation": 0,
			"Breadcrumbs": []
		},
		{ 	
			"Position": [ 1209.8, 455.607, 14515.5 ],
			"Orientation": [ 0, 0, 0 ],
			"Size": [ 30, 6, 30 ],
			"EyeAccommodation": 0,
			"Breadcrumbs": []
		},
		{ 	
			"Position": [ 1211.05, 460.513, 14515.8 ],
			"Orientation": [ 0, 0, 0 ],
			"Size": [ 30.6, 6, 30 ],
			"EyeAccommodation": 0,
			"Breadcrumbs": []
		},
		{ 	
			"Position": [ 1211.47, 465.55, 14515.3 ],
			"Orientation": [ 0, 0, 0 ],
			"Size": [ 30, 6, 30 ],
			"EyeAccommodation": 0,
			"Breadcrumbs": []
		},
		{ 	
			"Position": [ 1215.97, 465.649, 14523.2 ],
			"Orientation": [ 0, 0, 0 ],
			"Size": [ 30, 6, 30 ],
			"EyeAccommodation": 0,
			"Breadcrumbs": []
		},
		{ 	
			"Position": [ 1206.05, 466.02, 14528.7 ],
			"Orientation": [ 0, 0, 0 ],
			"Size": [ 30, 6, 30 ],
			"EyeAccommodation": 0,
			"Breadcrumbs": []
		},
		{ 	
			"Position": [ 1196.36, 465.501, 14534.6 ],
			"Orientation": [ 0, 0, 0 ],
			"Size": [ 30, 6, 30 ],
			"EyeAccommodation": 0,
			"Breadcrumbs": []
		},
		{ 	
			"Position": [ 1202.4, 466.15, 14545 ],
			"Orientation": [ 0, 0, 0 ],
			"Size": [ 30, 6, 30 ],
			"EyeAccommodation": 0,
			"Breadcrumbs": []
		},
		{ 	
			"Position": [ 1192.64, 465.829, 14551.3 ],
			"Orientation": [ 0, 0, 0 ],
			"Size": [ 30, 6, 30 ],
			"EyeAccommodation": 0,
			"Breadcrumbs": []
		},
		{ 	
			"Position": [ 1183.06, 465.477, 14556.6 ],
			"Orientation": [ 0, 0, 0 ],
			"Size": [ 30, 6, 30 ],
			"EyeAccommodation": 0,
			"Breadcrumbs": []
		},
		{ 	
			"Position": [ 1188.91, 465.978, 14567.3 ],
			"Orientation": [ 0, 0, 0 ],
			"Size": [ 30, 6, 30 ],
			"EyeAccommodation": 0,
			"Breadcrumbs": []
		},
		{ 	
			"Position": [ 1199.8, 465.889, 14561.9 ],
			"Orientation": [ 0, 0, 0 ],
			"Size": [ 30, 6, 30 ],
			"EyeAccommodation": 0,
			"Breadcrumbs": []
		},
		{ 	
			"Position": [ 1208.41, 465.91, 14556.3 ],
			"Orientation": [ 0, 0, 0 ],
			"Size": [ 30, 6, 30 ],
			"EyeAccommodation": 0,
			"Breadcrumbs": []
		},
		{ 	
			"Position": [ 1174.95, 466.005, 14548.2 ],
			"Orientation": [ 0, 0, 0 ],
			"Size": [ 30, 6, 30 ],
			"EyeAccommodation": 0,
			"Breadcrumbs": []
		},
		{ 	
			"Position": [ 1167.65, 466.564, 14554.7 ],
			"Orientation": [ 0, 0, 0 ],
			"Size": [ 30, 6, 30 ],
			"EyeAccommodation": 0,
			"Breadcrumbs": []
		},
		{ 	
			"Position": [ 1168.34, 466.338, 14564.4 ],
			"Orientation": [ 0, 0, 0 ],
			"Size": [ 30, 6, 30 ],
			"EyeAccommodation": 0,
			"Breadcrumbs": []
		},
		{ 	
			"Position": [ 1167.95, 456.795, 14564.5 ],
			"Orientation": [ 0, 0, 0 ],
			"Size": [ 30, 6, 30 ],
			"EyeAccommodation": 0,
			"Breadcrumbs": []
		},
		{ 	
			"Position": [ 1152.4, 456.018, 14569.5 ],
			"Orientation": [ 0, 0, 0 ],
			"Size": [ 30, 6, 30 ],
			"EyeAccommodation": 0,
			"Breadcrumbs": []
		},
		{ 	
			"Position": [ 1148.61, 455.757, 14570.4 ],
			"Orientation": [ 0, 0, 0 ],
			"Size": [ 30, 6, 30 ],
			"EyeAccommodation": 0,
			"Breadcrumbs": []
		},
		{ 	
			"Position": [ 1148.19, 465.432, 14569 ],
			"Orientation": [ 0, 0, 0 ],
			"Size": [ 30, 6, 30 ],
			"EyeAccommodation": 0,
			"Breadcrumbs": []
		},
		{ 	
			"Position": [1149.19, 461.037, 14570.8 ],
			"Orientation": [ 0, 0, 0 ],
			"Size": [ 30, 6, 30 ],
			"EyeAccommodation": 0,
			"Breadcrumbs": []
		},
		{ 	
			"Position": [ 1148.1, 456.292, 14570.7 ],
			"Orientation": [ 0, 0, 0 ],
			"Size": [ 30, 6, 30 ],
			"EyeAccommodation": 0,
			"Breadcrumbs": []
		},
		{ 	
			"Position": [ 1150.79, 460.978, 14573.9 ],
			"Orientation": [ 0, 0, 0 ],
			"Size": [ 30, 6, 30 ],
			"EyeAccommodation": 0,
			"Breadcrumbs": []
		},
		{ 	
			"Position": [ 1152.56, 465.808, 14577.8 ],
			"Orientation": [ 0, 0, 0 ],
			"Size": [ 30, 6, 30 ],
			"EyeAccommodation": 0,
			"Breadcrumbs": []
		},
		{ 	
			"Position": [ 1150.68, 465.646, 14587.7 ],
			"Orientation": [ 0, 0, 0 ],
			"Size": [ 30, 6, 30 ],
			"EyeAccommodation": 0,
			"Breadcrumbs": []
		},
		{ 	
			"Position": [ 1142.56, 465.619, 14593.6 ],
			"Orientation": [ 0, 0, 0 ],
			"Size": [ 30, 6, 30 ],
			"EyeAccommodation": 0,
			"Breadcrumbs": []
		},
		{ 	
			"Position": [ 1143.01, 465.804, 14607.5 ],
			"Orientation": [ 0, 0, 0 ],
			"Size": [ 30, 6, 30 ],
			"EyeAccommodation": 0,
			"Breadcrumbs": []
		},
		{ 	
			"Position": [ 1149.31, 465.775, 14618.1 ],
			"Orientation": [ 0, 0, 0 ],
			"Size": [ 30, 6, 30 ],
			"EyeAccommodation": 0,
			"Breadcrumbs": []
		},
		{ 	
			"Position": [ 1132.93, 466.222, 14612.3 ],
			"Orientation": [ 0, 0, 0 ],
			"Size": [ 30, 6, 30 ],
			"EyeAccommodation": 0,
			"Breadcrumbs": []
		},
		{ 	
			"Position": [ 1124.22, 465.825, 14617.8 ],
			"Orientation": [ 0, 0, 0 ],
			"Size": [ 30, 6, 30 ],
			"EyeAccommodation": 0,
			"Breadcrumbs": []
		},
		{ 	
			"Position": [ 1159.57, 466.173, 14612.3 ],
			"Orientation": [ 0, 0, 0 ],
			"Size": [ 30, 6, 30 ],
			"EyeAccommodation": 0,
			"Breadcrumbs": []
		},
		{ 	
			"Position": [ 1147.92, 465.442, 14568 ],
			"Orientation": [ 0, 0, 0 ],
			"Size": [ 30, 6, 30 ],
			"EyeAccommodation": 0,
			"Breadcrumbs": []
		},
		{ 	
			"Position": [ 1136.42, 465.357, 14566.4 ],
			"Orientation": [ 0, 0, 0 ],
			"Size": [ 30, 6, 30 ],
			"EyeAccommodation": 0,
			"Breadcrumbs": []
		},
		{ 	
			"Position": [ 1128.17, 465.656, 14554.1 ],
			"Orientation": [ 0, 0, 0 ],
			"Size": [ 30, 6, 30 ],
			"EyeAccommodation": 0,
			"Breadcrumbs": []
		},
		{ 	
			"Position": [ 1115.83, 466.046, 14575.8 ],
			"Orientation": [ 0, 0, 0 ],
			"Size": [ 30, 6, 30 ],
			"EyeAccommodation": 0,
			"Breadcrumbs": []
		},
		{ 	
			"Position": [ 1164.27, 465.115, 14597.7 ],
			"Orientation": [ 0, 0, 0 ],
			"Size": [ 30, 6, 30 ],
			"EyeAccommodation": 0,
			"Breadcrumbs": []
		},
		{ 	
			"Position": [ 1168.41, 465.407, 14606.2 ],
			"Orientation": [ 0, 0, 0 ],
			"Size": [ 30, 6, 30 ],
			"EyeAccommodation": 0,
			"Breadcrumbs": []
		},
		{ 	
			"Position": [ 1159.73, 465.606, 14612 ],
			"Orientation": [ 0, 0, 0 ],
			"Size": [ 30, 6, 30 ],
			"EyeAccommodation": 0,
			"Breadcrumbs": []
		},
		{ 	
			"Position": [ 1150.13, 465.574, 14617.1 ],
			"Orientation": [ 0, 0, 0 ],
			"Size": [ 30, 6, 30 ],
			"EyeAccommodation": 0,
			"Breadcrumbs": []
		},
		{ 	
			"Position": [ 1161.54, 462.659, 14593.4 ],
			"Orientation": [ 0, 0, 0 ],
			"Size": [ 30, 6, 30 ],
			"EyeAccommodation": 0,
			"Breadcrumbs": []
		},
		{ 	
			"Position": [ 1164.22, 460.485, 14598.6 ],
			"Orientation": [ 0, 0, 0 ],
			"Size": [ 30, 6, 30 ],
			"EyeAccommodation": 0,
			"Breadcrumbs": []
		},
		{ 	
			"Position": [ 1160.96, 457.732, 14594.1 ],
			"Orientation": [ 0, 0, 0 ],
			"Size": [ 30, 6, 30 ],
			"EyeAccommodation": 0,
			"Breadcrumbs": []
		},
		{ 	
			"Position": [ 1175.95, 465.65, 14572.1 ],
			"Orientation": [ 0, 0, 0 ],
			"Size": [ 30, 6, 30 ],
			"EyeAccommodation": 0,
			"Breadcrumbs": []
		},
		{ 	
			"Position": [ 1191.95, 466.07, 14527.2 ],
			"Orientation": [ 0, 0, 0 ],
			"Size": [ 30, 5.8, 30.6 ],
			"EyeAccommodation": 0,
			"Breadcrumbs": []
		},
		{ 	
			"Position": [ 1187.96, 468.309, 14522.2 ],
			"Orientation": [ 0, 0, 0 ],
			"Size": [ 30, 5.8, 30.6 ],
			"EyeAccommodation": 0,
			"Breadcrumbs": []
		},
		{ 	
			"Position": [ 1191.45, 471.349, 14525.9 ],
			"Orientation": [ 0, 0, 0 ],
			"Size": [ 10, 5.8, 10.6 ],
			"EyeAccommodation": 0,
			"Breadcrumbs": []
		},
		{ 	
			"Position": [ 1190.9, 475.626, 14526.1 ],
			"Orientation": [ 0, 0, 0 ],
			"Size": [ 10, 5.8, 10.6 ],
			"EyeAccommodation": 0,
			"Breadcrumbs": []
		},
		{ 	
			"Position": [ 1191.58, 480.876, 14526.8 ],
			"Orientation": [ 0, 0, 0 ],
			"Size": [ 10, 5.8, 10.6 ],
			"EyeAccommodation": 0,
			"Breadcrumbs": []
		},
		{ 	
			"Position": [ 1191.02, 485.716, 14526.6 ],
			"Orientation": [ 0, 0, 0 ],
			"Size": [ 10, 5.8, 10.6 ],
			"EyeAccommodation": 0,
			"Breadcrumbs": []
		},
		{ 	
			"Position": [ 1191.01, 490.698, 14525.8 ],
			"Orientation": [ 0, 0, 0 ],
			"Size": [ 10, 5.8, 10.6 ],
			"EyeAccommodation": 0,
			"Breadcrumbs": []
		},
		{ 	
			"Position": [ 1191.38, 495.574, 14526.1 ],
			"Orientation": [ 0, 0, 0 ],
			"Size": [ 14, 5.8, 14 ],
			"EyeAccommodation": 0.2,
			"Breadcrumbs":
			[
				{			
					"Position": [ 1185.57, 495.061, 14523.8 ],
					"EyeAccommodation": 0.3,
					"UseRaycast": 0,
					"Radius": 20
				}
			]
		},
		{ 	
			"Position": [ 1185.04, 494.973, 14529.8 ],
			"Orientation": [ 0, 0, 0 ],
			"Size": [ 4, 5.6, 4 ],
			"EyeAccommodation": 1,
			"Breadcrumbs": [],
			"InterpolationSpeed": 1
		},
		{ 	
			"Position": [ 1140.22, 470.386, 14553.5 ],
			"Orientation": [ 0, 0, 0 ],
			"Size": [ 30, 5.8, 30.6 ],
			"EyeAccommodation": 0,
			"Breadcrumbs": []
		},
		{ 	
			"Position": [ 1136.52, 473.001, 14549 ],
			"Orientation": [ 0, 0, 0 ],
			"Size": [ 30, 5.8, 30.6 ],
			"EyeAccommodation": 0,
			"Breadcrumbs": []
		},
		{ 	
			"Position": [ 1140.45, 475.555, 14553.4 ],
			"Orientation": [ 0, 0, 0 ],
			"Size": [ 30, 5.8, 30.6 ],
			"EyeAccommodation": 0,
			"Breadcrumbs": []
		},
		{ 	
			"Position": [ 1152.95, 475.414, 14557.2 ],
			"Orientation": [ 0, 0, 0 ],
			"Size": [ 30, 5.8, 30.6 ],
			"EyeAccommodation": 0,
			"Breadcrumbs": []
		},
		{ 	
			"Position": [ 1140.22, 475.838, 14562.1 ],
			"Orientation": [ 0, 0, 0 ],
			"Size": [ 30, 5.8, 30.6 ],
			"EyeAccommodation": 0,
			"Breadcrumbs": []
		},
		{ 	
			"Position": [ 1128.08, 475.522, 14554.5 ],
			"Orientation": [ 0, 0, 0 ],
			"Size": [ 30, 5.8, 30.6 ],
			"EyeAccommodation": 0,
			"Breadcrumbs": []
		},
		{ 	
			"Position": [ 1129.07, 475.92, 14567.7 ],
			"Orientation": [ 0, 0, 0 ],
			"Size": [ 30, 5.8, 30.6 ],
			"EyeAccommodation": 0,
			"Breadcrumbs": []
		},
		{ 	
			"Position": [ 1108.42, 475.362, 14565.7 ],
			"Orientation": [ 0, 0, 0 ],
			"Size": [ 30, 5.8, 30.6 ],
			"EyeAccommodation": 0,
			"Breadcrumbs": []
		},
		{ 	
			"Position": [ 1112.16, 475.944, 14575.9 ],
			"Orientation": [ 0, 0, 0 ],
			"Size": [ 30, 5.8, 30.6 ],
			"EyeAccommodation": 0,
			"Breadcrumbs": []
		},
		{ 	
			"Position": [ 1123.68, 475.427, 14589.8 ],
			"Orientation": [ 0, 0, 0 ],
			"Size": [ 30, 5.8, 30.6 ],
			"EyeAccommodation": 0,
			"Breadcrumbs": []
		},
		{ 	
			"Position": [ 1096.94, 475.626, 14588 ],
			"Orientation": [ 0, 0, 0 ],
			"Size": [ 30, 5.8, 30.6 ],
			"EyeAccommodation": 0,
			"Breadcrumbs": []
		},
		{ 	
			"Position": [ 1091.17, 476.266, 14598.2 ],
			"Orientation": [ 0, 0, 0 ],
			"Size": [ 30, 5.8, 30.6 ],
			"EyeAccommodation": 0,
			"Breadcrumbs": []
		},
		{ 	
			"Position": [ 1099.05, 476.17, 14612.2 ],
			"Orientation": [ 0, 0, 0 ],
			"Size": [ 30, 5.8, 30.6 ],
			"EyeAccommodation": 0,
			"Breadcrumbs": []
		},
		{ 	
			"Position": [ 1088.28, 476.063, 14629.2 ],
			"Orientation": [ 0, 0, 0 ],
			"Size": [ 30, 5.8, 30.6 ],
			"EyeAccommodation": 0,
			"Breadcrumbs": []
		},
		{ 	
			"Position": [ 1116.12, 475.584, 14613.3 ],
			"Orientation": [ 0, 0, 0 ],
			"Size": [ 30, 5.8, 30.6 ],
			"EyeAccommodation": 0,
			"Breadcrumbs": []
		},
		{ 	
			"Position": [ 1105.68, 475.507, 14623.8 ],
			"Orientation": [ 0, 0, 0 ],
			"Size": [ 30, 5.8, 30.6 ],
			"EyeAccommodation": 0,
			"Breadcrumbs": []
		},
		{ 	
			"Position": [ 1112.2, 475.886, 14637.7 ],
			"Orientation": [ 0, 0, 0 ],
			"Size": [ 30, 5.8, 30.6 ],
			"EyeAccommodation": 0,
			"Breadcrumbs": []
		},
		{ 	
			"Position": [ 1090.23, 475.593, 14627 ],
			"Orientation": [ 0, 0, 0 ],
			"Size": [ 30, 5.8, 30.6 ],
			"EyeAccommodation": 0,
			"Breadcrumbs": []
		},
		{ 	
			"Position": [ 1146.8, 475.593, 14585.2 ],
			"Orientation": [ 0, 0, 0 ],
			"Size": [ 30, 5.8, 30.6 ],
			"EyeAccommodation": 0,
			"Breadcrumbs": []
		},
		{ 	
			"Position": [ 1168.65, 463.679, 14564.6 ],
			"Orientation": [ 0, 0, 0 ],
			"Size": [ 30, 5.8, 30.6 ],
			"EyeAccommodation": 0,
			"Breadcrumbs": []
		},
		{ 	
			"Position": [ 1168.49, 462.251, 14564.6 ],
			"Orientation": [ 0, 0, 0 ],
			"Size": [ 30, 5.8, 30.6 ],
			"EyeAccommodation": 0,
			"Breadcrumbs": []
		},
		{ 	
			"Position": [ 1168.13, 459.074, 14564.5 ],
			"Orientation": [ 0, 0, 0 ],
			"Size": [ 30, 5.8, 30.6 ],
			"EyeAccommodation": 0,
			"Breadcrumbs": []
		},
		{ 	
			"Position": [ 1167.92, 457.184, 14564.5 ],
			"Orientation": [ 0, 0, 0 ],
			"Size": [ 30, 5.8, 30.6 ],
			"EyeAccommodation": 0,
			"Breadcrumbs": []
		}
	]
}