<?xml version="1.0" encoding="UTF-8" standalone="yes" ?>
<weather reset="1" enable="1">
    <overcast>
        <current actual="0.2" time="120" duration="240" />
        <limits min="0.2" max="0.3" />
        <timelimits min="900" max="1800" />
        <changelimits min="0.0" max="0.1" />
    </overcast>
    <fog>
        <current actual="0.0" time="120" duration="240" />
        <limits min="0" max="0.1" />
        <timelimits min="900" max="1800" />
        <changelimits min="0" max="0.1" />
    </fog>
	<rain>
        <current actual="0.0" time="120" duration="240" />
        <limits min="0.0" max="0.1" />
        <timelimits min="900" max="1800" />
        <changelimits min="0.0" max="0.1" />
        <thresholds min="0" max="0.1" end="1" />
    </rain>
    <wind>
        <maxspeed>10</maxspeed>
        <params min="0" max="0.5" frequency="30" />
    </wind>
    <storm density="0.5" threshold="0.7" timeout="25"/>
</weather>